wavelength,1
380,0.00435065
380.1,0.003802442
380.2,0.003089727
380.3,0.003213625
380.4,0.003355783
380.5,0.003405008
380.6,0.003406522
380.7,0.003193985
380.8,0.003040645
380.9,0.003031887
381,0.002933441
381.1,0.002685573
381.2,0.002648761
381.3,0.002817935
381.4,0.00296459
381.5,0.003096921
381.6,0.002415186
381.7,0.00141763
381.8,0.002145963
381.9,0.00323923
382,0.00279614
382.1,0.002271044
382.2,0.002555829
382.3,0.002876673
382.4,0.003406874
382.5,0.003794688
382.6,0.003754642
382.7,0.003767711
382.8,0.003876232
382.9,0.003711527
383,0.003232709
383.1,0.00371933
383.2,0.004923733
383.3,0.00485045
383.4000001,0.004184977
383.5000001,0.004024035
383.6000001,0.003999445
383.7000001,0.003320079
383.8000001,0.002574788
383.9000001,0.003114789
384.0000001,0.003632726
384.1000001,0.004088563
384.2000001,0.004520865
384.3000001,0.004840139
384.4000001,0.00475483
384.5000001,0.003780437
384.6000001,0.003250771
384.7000001,0.00334425
384.8000001,0.003839814
384.9000001,0.004703032
385.0000001,0.004520585
385.1000001,0.003691208
385.2000001,0.003490599
385.3000001,0.003505954
385.4000001,0.003198876
385.5000001,0.002832337
385.6000001,0.003048248
385.7000001,0.003370415
385.8000001,0.004804755
385.9000001,0.005857832
386.0000001,0.005052137
386.1000001,0.004103797
386.2000001,0.00300307
386.3000001,0.002529614
386.4000001,0.002999551
386.5000001,0.003322859
386.6000001,0.003502964
386.7000001,0.004256889
386.8000001,0.005364969
386.9000001,0.004634101
387.0000001,0.003195995
387.1000001,0.003821152
387.2000001,0.004884172
387.3000001,0.004475875
387.4000001,0.003982871
387.5000001,0.004412178
387.6000001,0.004751833
387.7000001,0.004567389
387.8000001,0.004436914
387.9000001,0.004464761
388.0000001,0.004333793
388.1000001,0.003917194
388.2000001,0.003947413
388.3000001,0.004495659
388.4000001,0.00472975
388.5000001,0.004726311
388.6000001,0.004800923
388.7000001,0.004912392
388.8000001,0.004762701
388.9000001,0.00454089
389.0000001,0.004913068
389.1000001,0.005344852
389.2000001,0.005962088
389.3000001,0.006561885
389.4000001,0.007054953
389.5000001,0.007021315
389.6000001,0.005056811
389.7000001,0.003843886
389.8000001,0.004196315
389.9000001,0.004518885
390.0000001,0.004803228
390.1000002,0.004953715
390.2000002,0.004976094
390.3000002,0.004874205
390.4000002,0.004703724
390.5000002,0.004955933
390.6000002,0.005346075
390.7000002,0.004885548
390.8000002,0.004287654
390.9000002,0.004982626
391.0000002,0.00566303
391.1000002,0.005574449
391.2000002,0.005474658
391.3000002,0.005324224
391.4000002,0.005147986
391.5000002,0.004905709
391.6000002,0.004959292
391.7000002,0.005457703
391.8000002,0.005416473
391.9000002,0.004851805
392.0000002,0.004712243
392.1000002,0.004840313
392.2000002,0.005149136
392.3000002,0.005526234
392.4000002,0.004547135
392.5000002,0.003293519
392.6000002,0.003986652
392.7000002,0.004783085
392.8000002,0.004885995
392.9000002,0.004933203
393.0000002,0.004681681
393.1000002,0.004421023
393.2000002,0.004160299
393.3000002,0.004219749
393.4000002,0.00482706
393.5000002,0.005660341
393.6000002,0.006743075
393.7000002,0.006872187
393.8000002,0.006331109
393.9000002,0.005805825
394.0000002,0.005297483
394.1000002,0.005998897
394.2000002,0.007009802
394.3000002,0.006936579
394.4000002,0.006739514
394.5000002,0.005631936
394.6000002,0.004638393
394.7000002,0.004534267
394.8000002,0.004850492
394.9000002,0.006634388
395.0000002,0.007680545
395.1000002,0.007228771
395.2000002,0.006517198
395.3000002,0.005479481
395.4000002,0.005814329
395.5000002,0.007265182
395.6000002,0.007370088
395.7000002,0.006777576
395.8000002,0.005527651
395.9000002,0.004089388
396.0000002,0.005788849
396.1000002,0.007919695
396.2000002,0.006910443
396.3000002,0.005918745
396.4000002,0.005700642
396.5000002,0.005553665
396.6000002,0.005690829
396.7000002,0.0058228
396.8000003,0.005947215
396.9000003,0.00620229
397.0000003,0.006643016
397.1000003,0.006596187
397.2000003,0.006101966
397.3000003,0.005864401
397.4000003,0.005778211
397.5000003,0.0061202
397.6000003,0.006610097
397.7000003,0.006128554
397.8000003,0.005477707
397.9000003,0.005972295
398.0000003,0.006564192
398.1000003,0.007774493
398.2000003,0.008456273
398.3000003,0.006603489
398.4000003,0.005416378
398.5000003,0.00589911
398.6000003,0.006353672
398.7000003,0.00676817
398.8000003,0.007073296
398.9000003,0.007266716
399.0000003,0.007293226
399.1000003,0.007261478
399.2000003,0.006586617
399.3000003,0.005650482
399.4000003,0.005891708
399.5000003,0.006395284
399.6000003,0.006402659
399.7000003,0.006386809
399.8000003,0.006961874
399.9000003,0.00728617
400.0000003,0.00609916
400.1000003,0.005383809
400.2000003,0.006096548
400.3000003,0.006682308
400.4000003,0.007049919
400.5000003,0.007286735
400.6000003,0.007376097
400.7000003,0.00732031
400.8000003,0.007158235
400.9000003,0.007363547
401.0000003,0.00773555
401.1000003,0.00728326
401.2000003,0.00661857
401.3000003,0.007012232
401.4000003,0.007516602
401.5000003,0.007771213
401.6000003,0.007900195
401.7000003,0.007082707
401.8000003,0.006569141
401.9000003,0.007071994
402.0000003,0.007332401
402.1000003,0.007114656
402.2000003,0.006982962
402.3000003,0.006956722
402.4000003,0.007244383
402.5000003,0.007787684
402.6000003,0.008171626
402.7000003,0.008469695
402.8000003,0.008247581
402.9000003,0.007865174
403.0000003,0.00761996
403.1000003,0.007363952
403.2000003,0.007571869
403.3000003,0.007756502
403.4000003,0.007688696
403.5000004,0.007683083
403.6000004,0.007928177
403.7000004,0.008015717
403.8000004,0.00776189
403.9000004,0.007867899
404.0000004,0.008466976
404.1000004,0.008700866
404.2000004,0.008578359
404.3000004,0.009494016
404.4000004,0.01099998
404.5000004,0.011479776
404.6000004,0.011602469
404.7000004,0.012675167
404.8000004,0.013905055
404.9000004,0.012876353
405.0000004,0.011760924
405.1000004,0.010658188
405.2000004,0.00981477
405.3000004,0.01012971
405.4000004,0.010170668
405.5000004,0.009530249
405.6000004,0.008944551
405.7000004,0.008438108
405.8000004,0.008015948
405.9000004,0.00767627
406.0000004,0.007509798
406.1000004,0.007452256
406.2000004,0.007678862
406.3000004,0.008013742
406.4000004,0.008402448
406.5000004,0.008797775
406.6000004,0.008547656
406.7000004,0.008262512
406.8000004,0.008159625
406.9000004,0.008117629
407.0000004,0.008421486
407.1000004,0.008529474
407.2000004,0.008113593
407.3000004,0.008076316
407.4000004,0.008668381
407.5000004,0.008713556
407.6000004,0.008184442
407.7000004,0.007805427
407.8000004,0.00753221
407.9000004,0.00779782
408.0000004,0.008292655
408.1000004,0.008168587
408.2000004,0.007901279
408.3000004,0.007838327
408.4000004,0.007802299
408.5000004,0.007992267
408.6000004,0.008119155
408.7000004,0.007845946
408.8000004,0.007787562
408.9000004,0.008397971
409.0000004,0.008720213
409.1000004,0.00852377
409.2000004,0.008403087
409.3000004,0.008372441
409.4000004,0.008392019
409.5000004,0.008449574
409.6000004,0.008472599
409.7000004,0.008481266
409.8000004,0.00826672
409.9000004,0.007999688
410.0000004,0.008357521
410.1000004,0.008789548
410.2000005,0.008360156
410.3000005,0.008052622
410.4000005,0.008635713
410.5000005,0.008950629
410.6000005,0.008338668
410.7000005,0.00819043
410.8000005,0.008964393
410.9000005,0.00945913
411.0000005,0.00960351
411.1000005,0.009369037
411.2000005,0.008857726
411.3000005,0.008629047
411.4000005,0.00854456
411.5000005,0.008515157
411.6000005,0.008500878
411.7000005,0.008471505
411.8000005,0.008437509
411.9000005,0.008761819
412.0000005,0.009087154
412.1000005,0.009474867
412.2000005,0.009628569
412.3000005,0.008921713
412.4000005,0.008609029
412.5000005,0.009133115
412.6000005,0.009469647
412.7000005,0.009561232
412.8000005,0.009578395
412.9000005,0.009533335
413.0000005,0.009267827
413.1000005,0.008884855
413.2000005,0.008957513
413.3000005,0.009177096
413.4000005,0.009408768
413.5000005,0.00964109
413.6000005,0.009392937
413.7000005,0.009167119
413.8000005,0.009302028
413.9000005,0.009437808
414.0000005,0.009569063
414.1000005,0.009600785
414.2000005,0.0094137
414.3000005,0.009405207
414.4000005,0.009647843
414.5000005,0.009868444
414.6000005,0.010065917
414.7000005,0.009866837
414.8000005,0.009429966
414.9000005,0.009465125
415.0000005,0.009658345
415.1000005,0.009512197
415.2000005,0.009295267
415.3000005,0.009355813
415.4000005,0.00943907
415.5000005,0.009751157
415.6000005,0.009973591
415.7000005,0.009802691
415.8000005,0.009509114
415.9000005,0.008903649
416.0000005,0.008870857
416.1000005,0.009698345
416.2000005,0.010198675
416.3000005,0.010380398
416.4000005,0.009956227
416.5000005,0.009155418
416.6000005,0.009335773
416.7000005,0.009886493
416.8000005,0.009986162
416.9000005,0.009992575
417.0000006,0.010189606
417.1000006,0.010340372
417.2000006,0.009904205
417.3000006,0.009665433
417.4000006,0.010430784
417.5000006,0.010854547
417.6000006,0.010395626
417.7000006,0.009969717
417.8000006,0.009591705
417.9000006,0.009121551
418.0000006,0.008557598
418.1000006,0.009210086
418.2000006,0.010652287
418.3000006,0.010935063
418.4000006,0.010747546
418.5000006,0.010172973
418.6000006,0.009515792
418.7000006,0.009911303
418.8000006,0.010351415
418.9000006,0.01000979
419.0000006,0.009764737
419.1000006,0.010088641
419.2000006,0.010283047
419.3000006,0.010120171
419.4000006,0.010229277
419.5000006,0.010802032
419.6000006,0.011139369
419.7000006,0.011224238
419.8000006,0.011243757
419.9000006,0.011219369
420.0000006,0.011199805
420.1000006,0.011179496
420.2000006,0.011399224
420.3000006,0.011675793
420.4000006,0.011740116
420.5000006,0.011769724
420.6000006,0.011235552
420.7000006,0.010778217
420.8000006,0.010785937
420.9000006,0.01088797
421.0000006,0.011278304
421.1000006,0.011485805
421.2000006,0.011433351
421.3000006,0.011412902
421.4000006,0.011428892
421.5000006,0.011463595
421.6000006,0.011511751
421.7000006,0.011345355
421.8000006,0.011085382
421.9000006,0.011045966
422.0000006,0.011062851
422.1000006,0.011257035
422.2000006,0.011453275
422.3000006,0.010907255
422.4000006,0.010500459
422.5000006,0.010991174
422.6000006,0.011427867
422.7000006,0.011706861
422.8000006,0.011821054
422.9000006,0.011633927
423.0000006,0.011385108
423.1000006,0.011081709
423.2000006,0.011110302
423.3000006,0.011387122
423.4000006,0.011708867
423.5000006,0.01205
423.6000006,0.011635578
423.7000007,0.011024438
423.8000007,0.011229978
423.9000007,0.011514543
424.0000007,0.010874661
424.1000007,0.01038996
424.2000007,0.010884551
424.3000007,0.01138426
424.4000007,0.011907757
424.5000007,0.012136275
424.6000007,0.011799887
424.7000007,0.011658472
424.8000007,0.011752256
424.9000007,0.011779105
425.0000007,0.011753777
425.1000007,0.0117233
425.2000007,0.011694181
425.3000007,0.011792228
425.4000007,0.01192417
425.5000007,0.011811575
425.6000007,0.011671555
425.7000007,0.011607206
425.8000007,0.011589844
425.9000007,0.011922448
426.0000007,0.012244698
426.1000007,0.012505256
426.2000007,0.012575348
426.3000007,0.012268432
426.4000007,0.012113675
426.5000007,0.012145062
426.6000007,0.012119011
426.7000007,0.012047109
426.8000007,0.012066051
426.9000007,0.0121292
427.0000007,0.012235176
427.1000007,0.012373618
427.2000007,0.012744289
427.3000007,0.013142749
427.4000007,0.012632576
427.5000007,0.01217954
427.6000007,0.01220172
427.7000007,0.012254658
427.8000007,0.012419347
427.9000007,0.012598015
428.0000007,0.012807093
428.1000007,0.012891148
428.2000007,0.012848327
428.3000007,0.012637078
428.4000007,0.012290113
428.5000007,0.012926379
428.6000007,0.014055166
428.7000007,0.013348993
428.8000007,0.01211168
428.9000007,0.011648616
429.0000007,0.011289456
429.1000007,0.011818391
429.2000007,0.012242257
429.3000007,0.011778846
429.4000007,0.011510945
429.5000007,0.011949774
429.6000007,0.012311539
429.7000007,0.012520577
429.8000007,0.012651479
429.9000007,0.012683522
430.0000007,0.012667476
430.1000007,0.012591856
430.2000007,0.012770695
430.3000007,0.013080384
430.4000008,0.013084532
430.5000008,0.01299889
430.6000008,0.012900307
430.7000008,0.012801674
430.8000008,0.013199787
430.9000008,0.013529882
431.0000008,0.013231211
431.1000008,0.013067328
431.2000008,0.01335426
431.3000008,0.0135746
431.4000008,0.013654301
431.5000008,0.013714063
431.6000008,0.013747038
431.7000008,0.014037774
431.8000008,0.014541169
431.9000008,0.014759084
432.0000008,0.014825233
432.1000008,0.015063374
432.2000008,0.015352017
432.3000008,0.015248809
432.4000008,0.015090582
432.5000008,0.014867167
432.6000008,0.014698992
432.7000008,0.015032345
432.8000008,0.015264672
432.9000008,0.015131235
433.0000008,0.014952931
433.1000008,0.014672056
433.2000008,0.014506444
433.3000008,0.014490768
433.4000008,0.014439342
433.5000008,0.014358912
433.6000008,0.014166982
433.7000008,0.013918739
433.8000008,0.013810957
433.9000008,0.01374759
434.0000008,0.013526858
434.1000008,0.013305697
434.2000008,0.013443616
434.3000008,0.01358948
434.4000008,0.013764629
434.5000008,0.013880222
434.6000008,0.013773501
434.7000008,0.013676696
434.8000008,0.013599244
434.9000008,0.013612833
435.0000008,0.013744411
435.1000008,0.013795139
435.2000008,0.013794006
435.3000008,0.015122089
435.4000008,0.017136551
435.5000008,0.018833526
435.6000008,0.020425697
435.7000008,0.020877086
435.8000008,0.021165881
435.9000008,0.021607669
436.0000008,0.021939793
436.1000008,0.02138027
436.2000008,0.020705051
436.3000008,0.019612607
436.4000008,0.018545091
436.5000008,0.017524593
436.6000008,0.016499048
436.7000008,0.015465671
436.8000008,0.014989646
436.9000008,0.014972071
437.0000008,0.014953522
437.1000009,0.014925174
437.2000009,0.014943347
437.3000009,0.014976272
437.4000009,0.014954593
437.5000009,0.014926524
437.6000009,0.016253546
437.7000009,0.017434562
437.8000009,0.017344993
437.9000009,0.017215796
438.0000009,0.016942562
438.1000009,0.016848054
438.2000009,0.017125226
438.3000009,0.017246348
438.4000009,0.017171052
438.5000009,0.017372614
438.6000009,0.017798195
438.7000009,0.018109796
438.8000009,0.018363788
438.9000009,0.018081858
439.0000009,0.017648026
439.1000009,0.01835834
439.2000009,0.019216013
439.3000009,0.019665957
439.4000009,0.020044399
439.5000009,0.019837936
439.6000009,0.019623838
439.7000009,0.019381078
439.8000009,0.01923872
439.9000009,0.01929943
440.0000009,0.019434074
440.1000009,0.019644823
440.2000009,0.019254871
440.3000009,0.018389429
440.4000009,0.017853805
440.5000009,0.017483029
440.6000009,0.017183456
440.7000009,0.016906169
440.8000009,0.01637771
440.9000009,0.01582486
441.0000009,0.015502954
441.1000009,0.015226662
441.2000009,0.015256449
441.3000009,0.015092047
441.4000009,0.014262163
441.5000009,0.013751032
441.6000009,0.013855629
441.7000009,0.014090597
441.8000009,0.01448396
441.9000009,0.014470044
442.0000009,0.01414045
442.1000009,0.013956258
442.2000009,0.013834853
442.3000009,0.013872066
442.4000009,0.013952424
442.5000009,0.013681734
442.6000009,0.013372522
442.7000009,0.013118952
442.8000009,0.012867524
442.9000009,0.012624122
443.0000009,0.012330205
443.1000009,0.0118593
443.2000009,0.011518574
443.3000009,0.011421043
443.4000009,0.011160672
443.5000009,0.010707725
443.6000009,0.010469011
443.7000009,0.01039156
443.800001,0.010304887
443.900001,0.010213807
444.000001,0.010087806
444.100001,0.009933869
444.200001,0.010168767
444.300001,0.010436301
444.400001,0.010400919
444.500001,0.010352306
444.600001,0.010216419
444.700001,0.010076301
444.800001,0.00992175
444.900001,0.010049076
445.000001,0.010685763
445.100001,0.011073492
445.200001,0.011152514
445.300001,0.011429595
445.400001,0.011849472
445.500001,0.012018918
445.600001,0.012076724
445.700001,0.012528681
445.800001,0.013075669
445.900001,0.013375988
446.000001,0.01365857
446.100001,0.014082648
446.200001,0.014471959
446.300001,0.014654592
446.400001,0.014853333
446.500001,0.015099657
446.600001,0.015406204
446.700001,0.015817842
446.800001,0.016258934
446.900001,0.0167321
447.000001,0.017089279
447.100001,0.017371713
447.200001,0.017653366
447.300001,0.017933921
447.400001,0.018269587
447.500001,0.018616485
447.600001,0.018592987
447.700001,0.018545696
447.800001,0.0186384
447.900001,0.018850326
448.000001,0.019735507
448.100001,0.02033817
448.200001,0.020154185
448.300001,0.020213928
448.400001,0.020675021
448.500001,0.02132548
448.600001,0.022172612
448.700001,0.023099606
448.800001,0.024075946
448.900001,0.025450052
449.000001,0.026974375
449.100001,0.028428213
449.200001,0.029854942
449.300001,0.031308424
449.400001,0.032735594
449.500001,0.033896692
449.600001,0.035129947
449.700001,0.036777227
449.800001,0.038020062
449.900001,0.038228451
450.000001,0.038207744
450.100001,0.037834838
450.200001,0.037395959
450.300001,0.036893117
450.400001,0.036156416
450.5000011,0.035277177
450.6000011,0.034135466
450.7000011,0.032902958
450.8000011,0.031539071
450.9000011,0.030160776
451.0000011,0.028963978
451.1000011,0.02783105
451.2000011,0.027107451
451.3000011,0.026272813
451.4000011,0.024893985
451.5000011,0.023814163
451.6000011,0.023455605
451.7000011,0.022881834
451.8000011,0.021988492
451.9000011,0.021201186
452.0000011,0.020512181
452.1000011,0.019904633
452.2000011,0.019355429
452.3000011,0.019173601
452.4000011,0.019118847
452.5000011,0.018488477
452.6000011,0.017762052
452.7000011,0.017392765
452.8000011,0.017051039
452.9000011,0.016882217
453.0000011,0.016621996
453.1000011,0.015987759
453.2000011,0.015631256
453.3000011,0.015900791
453.4000011,0.015965389
453.5000011,0.015749055
453.6000011,0.015598057
453.7000011,0.015504497
453.8000011,0.015968151
453.9000011,0.016735371
454.0000011,0.017568563
454.1000011,0.018417361
454.2000011,0.019175787
454.3000011,0.019916916
454.4000011,0.020976953
454.5000011,0.021902548
454.6000011,0.021580101
454.7000011,0.021298352
454.8000011,0.021161688
454.9000011,0.020748986
455.0000011,0.019758704
455.1000011,0.018687155
455.2000011,0.017517139
455.3000011,0.016360257
455.4000011,0.015214836
455.5000011,0.014375669
455.6000011,0.013693326
455.7000011,0.01300322
455.8000011,0.012313053
455.9000011,0.011716969
456.0000011,0.011135512
456.1000011,0.010994578
456.2000011,0.010806451
456.3000011,0.010251701
456.4000011,0.00980492
456.5000011,0.009714978
456.6000011,0.009665447
456.7000011,0.009693095
456.8000011,0.009570324
456.9000011,0.009268688
457.0000011,0.009038546
457.1000011,0.008862298
457.2000012,0.008798175
457.3000012,0.008785938
457.4000012,0.009047126
457.5000012,0.009376919
457.6000012,0.00910975
457.7000012,0.008786779
457.8000012,0.008577747
457.9000012,0.008392145
458.0000012,0.008348274
458.1000012,0.008280107
458.2000012,0.008142684
458.3000012,0.008085374
458.4000012,0.008168267
458.5000012,0.008020504
458.6000012,0.007620622
458.7000012,0.007806868
458.8000012,0.008399189
458.9000012,0.008515175
459.0000012,0.008431624
459.1000012,0.00805579
459.2000012,0.00761647
459.3000012,0.00808301
459.4000012,0.00858659
459.5000012,0.008379543
459.6000012,0.008219254
459.7000012,0.008308965
459.8000012,0.008414757
459.9000012,0.008565951
460.0000012,0.008691949
460.1000012,0.008773953
460.2000012,0.008936445
460.3000012,0.009179896
460.4000012,0.009168893
460.5000012,0.00899716
460.6000012,0.008963939
460.7000012,0.008982883
460.8000012,0.009152619
460.9000012,0.009350522
461.0000012,0.009644259
461.1000012,0.009946178
461.2000012,0.010222222
461.3000012,0.010464354
461.4000012,0.010557912
461.5000012,0.010676413
461.6000012,0.010855788
461.7000012,0.011142126
461.8000012,0.011584051
461.9000012,0.011772445
462.0000012,0.011729069
462.1000012,0.01232004
462.2000012,0.01326934
462.3000012,0.013582863
462.4000012,0.013682826
462.5000012,0.01426184
462.6000012,0.014915866
462.7000012,0.015075863
462.8000012,0.015246188
462.9000012,0.015632499
463.0000012,0.01604984
463.1000012,0.016579382
463.2000012,0.016974901
463.3000012,0.017078713
463.4000012,0.017090413
463.5000012,0.016979183
463.6000012,0.016911997
463.7000012,0.016880598
463.8000012,0.017113614
463.9000013,0.017481083
464.0000013,0.017406365
464.1000013,0.01719684
464.2000013,0.017807892
464.3000013,0.018519562
464.4000013,0.018671024
464.5000013,0.018927597
464.6000013,0.020002352
464.7000013,0.020959998
464.8000013,0.02153803
464.9000013,0.022534366
465.0000013,0.024331243
465.1000013,0.026013785
465.2000013,0.027579826
465.3000013,0.029441529
465.4000013,0.031519466
465.5000013,0.033748349
465.6000013,0.036037848
465.7000013,0.038686356
465.8000013,0.041413197
465.9000013,0.045670891
466.0000013,0.050055114
466.1000013,0.054505381
466.2000013,0.059034942
466.3000013,0.064101942
466.4000013,0.069497963
466.5000013,0.07587016
466.6000013,0.081111588
466.7000013,0.084449119
466.8000013,0.087547196
466.9000013,0.090392259
467.0000013,0.092100981
467.1000013,0.092984671
467.2000013,0.092242661
467.3000013,0.090856351
467.4000013,0.087440897
467.5000013,0.083614362
467.6000013,0.080016574
467.7000013,0.076335219
467.8000013,0.070912728
467.9000013,0.065709163
468.0000013,0.061526044
468.1000013,0.05723155
468.2000013,0.052667678
468.3000013,0.048724761
468.4000013,0.04570454
468.5000013,0.042616241
468.6000013,0.039466669
468.7000013,0.037041783
468.8000013,0.035048865
468.9000013,0.033564145
469.0000013,0.032261738
469.1000013,0.030383327
469.2000013,0.028412399
469.3000013,0.027732652
469.4000013,0.027033191
469.5000013,0.025697865
469.6000013,0.024433495
469.7000013,0.023439652
469.8000013,0.022761052
469.9000013,0.022762865
470.0000013,0.02258599
470.1000013,0.022160211
470.2000013,0.021532569
470.3000013,0.020738297
470.4000013,0.020439318
470.5000013,0.020395723
470.6000014,0.019765711
470.7000014,0.018968736
470.8000014,0.018621326
470.9000014,0.018332395
471.0000014,0.017521022
471.1000014,0.016815259
471.2000014,0.016744146
471.3000014,0.016586699
471.4000014,0.016137774
471.5000014,0.015768925
471.6000014,0.015548658
471.7000014,0.015231211
471.8000014,0.014800032
471.9000014,0.014432211
472.0000014,0.014110249
472.1000014,0.013757606
472.2000014,0.013397667
472.3000014,0.013278324
472.4000014,0.0132166
472.5000014,0.012732891
472.6000014,0.012221434
472.7000014,0.011912832
472.8000014,0.011608656
472.9000014,0.011327934
473.0000014,0.011028727
473.1000014,0.010678282
473.2000014,0.010269189
473.3000014,0.009765092
473.4000014,0.009595171
473.5000014,0.009763942
473.6000014,0.009595704
473.7000014,0.009213932
473.8000014,0.00928564
473.9000014,0.009528261
474.0000014,0.009497466
474.1000014,0.009411994
474.2000014,0.00982978
474.3000014,0.010338775
474.4000014,0.011775999
474.5000014,0.013413438
474.6000014,0.015957444
474.7000014,0.018775334
474.8000014,0.022247513
474.9000014,0.025897781
475.0000014,0.029805709
475.1000014,0.032380818
475.2000014,0.033772867
475.3000014,0.034035737
475.4000014,0.033680042
475.5000014,0.031791131
475.6000014,0.029422994
475.7000014,0.026481644
475.8000014,0.023463676
475.9000014,0.019837069
476.0000014,0.01628834
476.1000014,0.01339536
476.2000014,0.010840906
476.3000014,0.009462342
476.4000014,0.008250434
476.5000014,0.007363405
476.6000014,0.006714135
476.7000014,0.006352386
476.8000014,0.005993263
476.9000014,0.005636623
477.0000014,0.005457141
477.1000014,0.005357916
477.2000014,0.005111337
477.3000014,0.004828255
477.4000015,0.00474263
477.5000015,0.004677919
477.6000015,0.004671038
477.7000015,0.004644152
477.8000015,0.004497585
477.9000015,0.004359191
478.0000015,0.004243686
478.1000015,0.004124813
478.2000015,0.003997783
478.3000015,0.003957634
478.4000015,0.004007958
478.5000015,0.003983836
478.6000015,0.003911277
478.7000015,0.003861876
478.8000015,0.003821657
478.9000015,0.003810314
479.0000015,0.003804895
479.1000015,0.003614978
479.2000015,0.00344061
479.3000015,0.003610712
479.4000015,0.003725858
479.5000015,0.003595315
479.6000015,0.003525581
479.7000015,0.003598692
479.8000015,0.003670473
479.9000015,0.003740434
480.0000015,0.003669995
480.1000015,0.003474164
480.2000015,0.003457699
480.3000015,0.003540086
480.4000015,0.003549446
480.5000015,0.003535706
480.6000015,0.003498669
480.7000015,0.00345828
480.8000015,0.003468538
480.9000015,0.003478524
481.0000015,0.003484462
481.1000015,0.003497412
481.2000015,0.003526982
481.3000015,0.003514263
481.4000015,0.00341912
481.5000015,0.003433041
481.6000015,0.003578055
481.7000015,0.003679051
481.8000015,0.003746789
481.9000015,0.003775773
482.0000015,0.003786988
482.1000015,0.003708175
482.2000015,0.003607614
482.3000015,0.003514422
482.4000015,0.003426787
482.5000015,0.003477644
482.6000015,0.003528208
482.7000015,0.003577862
482.8000015,0.003605719
482.9000015,0.003572909
483.0000015,0.003518284
483.1000015,0.003427874
483.2000015,0.003452911
483.3000015,0.003594891
483.4000015,0.003674362
483.5000015,0.003714163
483.6000015,0.003732098
483.7000015,0.003741744
483.8000015,0.003732705
483.9000015,0.003719954
484.0000015,0.003694079
484.1000016,0.003677518
484.2000016,0.003773096
484.3000016,0.00387195
484.4000016,0.003986469
484.5000016,0.004047488
484.6000016,0.00398879
484.7000016,0.00391081
484.8000016,0.00380662
484.9000016,0.00379152
485.0000016,0.00385236
485.1000016,0.003906349
485.2000016,0.003957703
485.3000016,0.004005955
485.4000016,0.004053261
485.5000016,0.004069806
485.6000016,0.0040826
485.7000016,0.004159836
485.8000016,0.004226748
485.9000016,0.004220773
486.0000016,0.004186491
486.1000016,0.004064301
486.2000016,0.004083183
486.3000016,0.00436124
486.4000016,0.004375566
486.5000016,0.004091772
486.6000016,0.003977828
486.7000016,0.003984331
486.8000016,0.004163816
486.9000016,0.004416834
487.0000016,0.004490656
487.1000016,0.004522917
487.2000016,0.004520723
487.3000016,0.00451675
487.4000016,0.004522903
487.5000016,0.004559013
487.6000016,0.004745002
487.7000016,0.004857953
487.8000016,0.004785977
487.9000016,0.00470892
488.0000016,0.004624016
488.1000016,0.004718565
488.2000016,0.004981096
488.3000016,0.00506926
488.4000016,0.00505573
488.5000016,0.005173277
488.6000016,0.005334739
488.7000016,0.005390961
488.8000016,0.005430114
488.9000016,0.00545135
489.0000016,0.005485473
489.1000016,0.005646842
489.2000016,0.00580957
489.3000016,0.005981149
489.4000016,0.006098099
489.5000016,0.006106092
489.6000016,0.006207491
489.7000016,0.006424157
489.8000016,0.00658607
489.9000016,0.006705747
490.0000016,0.006764492
490.1000016,0.006798326
490.2000016,0.007146701
490.3000016,0.007573898
490.4000016,0.007731477
490.5000016,0.00786595
490.6000016,0.008098275
490.7000016,0.008376193
490.8000017,0.00892183
490.9000017,0.009434247
491.0000017,0.009855358
491.1000017,0.010383332
491.2000017,0.011088098
491.3000017,0.011598679
491.4000017,0.011912515
491.5000017,0.011808816
491.6000017,0.011442078
491.7000017,0.01153748
491.8000017,0.011803245
491.9000017,0.011485009
492.0000017,0.011060694
492.1000017,0.010277469
492.2000017,0.009521064
492.3000017,0.009207934
492.4000017,0.008824053
492.5000017,0.008149667
492.6000017,0.007649117
492.7000017,0.007526177
492.8000017,0.007475111
492.9000017,0.007518748
493.0000017,0.007724251
493.1000017,0.008065658
493.2000017,0.008252029
493.3000017,0.008359865
493.4000017,0.008352722
493.5000017,0.008313292
493.6000017,0.008468754
493.7000017,0.008649102
493.8000017,0.009055765
493.9000017,0.009422499
494.0000017,0.00953477
494.1000017,0.009696223
494.2000017,0.010003577
494.3000017,0.010340775
494.4000017,0.010730967
494.5000017,0.011045058
494.6000017,0.011278552
494.7000017,0.011902035
494.8000017,0.012784349
494.9000017,0.013562004
495.0000017,0.014299032
495.1000017,0.01511463
495.2000017,0.015947648
495.3000017,0.016522423
495.4000017,0.017135522
495.5000017,0.018444387
495.6000017,0.019940513
495.7000017,0.022264161
495.8000017,0.024297767
495.9000017,0.025671739
496.0000017,0.027796065
496.1000017,0.030962022
496.2000017,0.034336003
496.3000017,0.037886814
496.4000017,0.041165918
496.5000017,0.044297256
496.6000017,0.049684158
496.7000017,0.055724724
496.8000017,0.060686891
496.9000017,0.065529242
497.0000017,0.074381259
497.1000017,0.08366004
497.2000017,0.095960428
497.3000017,0.108815027
497.4000017,0.123458213
497.5000018,0.140488318
497.6000018,0.161805818
497.7000018,0.18333447
497.8000018,0.20509282
497.9000018,0.228512883
498.0000018,0.253033706
498.1000018,0.271235944
498.2000018,0.286836153
498.3000018,0.29530834
498.4000018,0.302261746
498.5000018,0.29841873
498.6000018,0.293312817
498.7000018,0.278463194
498.8000018,0.261907916
498.9000018,0.237337928
499.0000018,0.213725964
499.1000018,0.192218869
499.2000018,0.17215742
499.3000018,0.154087853
499.4000018,0.135969688
499.5000018,0.117812544
499.6000018,0.104001699
499.7000018,0.092535597
499.8000018,0.08223166
499.9000018,0.072295798
500.0000018,0.064983424
500.1000018,0.058029265
500.2000018,0.052572661
500.3000018,0.047322108
500.4000018,0.043476158
500.5000018,0.039760733
500.6000018,0.036441945
500.7000018,0.033542187
500.8000018,0.031393125
500.9000018,0.029155161
501.0000018,0.02681838
501.1000018,0.024890328
501.2000018,0.023243384
501.3000018,0.021838593
501.4000018,0.020534605
501.5000018,0.01947194
501.6000018,0.018461686
501.7000018,0.017589887
501.8000018,0.016736744
501.9000018,0.016009501
502.0000018,0.015243603
502.1000018,0.014290554
502.2000018,0.013486735
502.3000018,0.013030437
502.4000018,0.012456266
502.5000018,0.011717176
502.6000018,0.011358613
502.7000018,0.011330917
502.8000018,0.011077861
502.9000018,0.010706106
503.0000018,0.010278449
503.1000018,0.009839133
503.2000018,0.009440875
503.3000018,0.009050415
503.4000018,0.008871999
503.5000018,0.008701314
503.6000018,0.008580865
503.7000018,0.008453507
503.8000018,0.008304108
503.9000018,0.008130102
504.0000018,0.007912471
504.1000018,0.007772263
504.2000019,0.007720505
504.3000019,0.007481496
504.4000019,0.007116081
504.5000019,0.007042328
504.6000019,0.007085186
504.7000019,0.007061186
504.8000019,0.007023909
504.9000019,0.007013746
505.0000019,0.006997226
505.1000019,0.006873484
505.2000019,0.006753296
505.3000019,0.006646593
505.4000019,0.006581463
505.5000019,0.00661073
505.6000019,0.006573787
505.7000019,0.00644647
505.8000019,0.006286501
505.9000019,0.006098764
506.0000019,0.006017348
506.1000019,0.005989086
506.2000019,0.00596337
506.3000019,0.00593815
506.4000019,0.005848294
506.5000019,0.005750781
506.6000019,0.00563733
506.7000019,0.005535942
506.8000019,0.005511519
506.9000019,0.005542133
507.0000019,0.005736326
507.1000019,0.00579992
507.2000019,0.005639076
507.3000019,0.005523019
507.4000019,0.005453868
507.5000019,0.005470899
507.6000019,0.005543873
507.7000019,0.005501099
507.8000019,0.005414363
507.9000019,0.005455425
508.0000019,0.00552016
508.1000019,0.005472471
508.2000019,0.00542478
508.3000019,0.005426907
508.4000019,0.005424198
508.5000019,0.005401808
508.6000019,0.005394611
508.7000019,0.005420162
508.8000019,0.005478486
508.9000019,0.005579265
509.0000019,0.00562115
509.1000019,0.005616165
509.2000019,0.005510732
509.3000019,0.005356494
509.4000019,0.005406626
509.5000019,0.005510453
509.6000019,0.005440138
509.7000019,0.005356325
509.8000019,0.005398755
509.9000019,0.005450557
510.0000019,0.005556847
510.1000019,0.005605736
510.2000019,0.00550133
510.3000019,0.005378282
510.4000019,0.005225312
510.5000019,0.00519763
510.6000019,0.005293315
510.7000019,0.00534079
510.8000019,0.005359047
510.900002,0.005343188
511.000002,0.005315552
511.100002,0.005344386
511.200002,0.005382173
511.300002,0.005429532
511.400002,0.005462032
511.500002,0.005354149
511.600002,0.005273498
511.700002,0.005290758
511.800002,0.005305208
511.900002,0.005313878
512.000002,0.005307349
512.100002,0.005282322
512.200002,0.005307451
512.300002,0.005369993
512.400002,0.005350247
512.500002,0.00529375
512.600002,0.005322751
512.700002,0.005371457
512.800002,0.005442791
512.900002,0.005514434
513.000002,0.005573117
513.100002,0.005627719
513.200002,0.00566735
513.300002,0.00574299
513.400002,0.005909569
513.500002,0.005966291
513.600002,0.005862807
513.700002,0.005943185
513.800002,0.006189812
513.900002,0.006538402
514.000002,0.006943081
514.100002,0.007688651
514.200002,0.008537843
514.300002,0.011192388
514.400002,0.014083623
514.500002,0.020668287
514.600002,0.027524211
514.700002,0.036492183
514.800002,0.046341695
514.900002,0.05904275
515.000002,0.071583882
515.100002,0.083873056
515.200002,0.093680798
515.300002,0.100776892
515.400002,0.102252857
515.500002,0.099931151
515.600002,0.093382548
515.700002,0.085155611
515.800002,0.074493312
515.900002,0.063349025
516.000002,0.051033574
516.100002,0.0389421
516.200002,0.030174272
516.300002,0.022066862
516.400002,0.016695445
516.500002,0.012448012
516.600002,0.010664077
516.700002,0.009278165
516.800002,0.008414413
516.900002,0.007764347
517.000002,0.007288016
517.100002,0.006931801
517.200002,0.00663697
517.300002,0.006417343
517.400002,0.006217935
517.500002,0.006206166
517.6000021,0.006208816
517.7000021,0.006076502
517.8000021,0.005959835
517.9000021,0.00593058
518.0000021,0.005882847
518.1000021,0.005787445
518.2000021,0.00572119
518.3000021,0.005701035
518.4000021,0.005697243
518.5000021,0.005709413
518.6000021,0.005659472
518.7000021,0.005572932
518.8000021,0.005534669
518.9000021,0.005513205
519.0000021,0.005376435
519.1000021,0.005221646
519.2000021,0.00535811
519.3000021,0.005482806
519.4000021,0.005469068
519.5000021,0.005447205
519.6000021,0.005396526
519.7000021,0.0053507
519.8000021,0.005313924
519.9000021,0.005295613
520.0000021,0.005298447
520.1000021,0.005306366
520.2000021,0.005318607
520.3000021,0.005261747
520.4000021,0.005175879
520.5000021,0.005133088
520.6000021,0.005099323
520.7000021,0.00509234
520.8000021,0.005087375
520.9000021,0.005093543
521.0000021,0.005094562
521.1000021,0.00507544
521.2000021,0.005053168
521.3000021,0.005024402
521.4000021,0.005030487
521.5000021,0.005084088
521.6000021,0.005052947
521.7000021,0.004950909
521.8000021,0.004889092
521.9000021,0.004847741
522.0000021,0.0049424
522.1000021,0.005073847
522.2000021,0.005104171
522.3000021,0.005121284
522.4000021,0.005051654
522.5000021,0.004997426
522.6000021,0.005034189
522.7000021,0.005091494
522.8000021,0.005206054
522.9000021,0.005297523
523.0000021,0.005351988
523.1000021,0.005299938
523.2000021,0.005143441
523.3000021,0.005237728
523.4000021,0.005483083
523.5000021,0.005493468
523.6000021,0.00542329
523.7000021,0.005431726
523.8000021,0.005452866
523.9000021,0.005284785
524.0000021,0.005160437
524.1000021,0.005434903
524.2000021,0.005642133
524.3000022,0.005615956
524.4000022,0.005530071
524.5000022,0.005330057
524.6000022,0.005305618
524.7000022,0.005483203
524.8000022,0.005498692
524.9000022,0.005399123
525.0000022,0.005381766
525.1000022,0.005399271
525.2000022,0.005411765
525.3000022,0.005423281
525.4000022,0.005533409
525.5000022,0.005638108
525.6000022,0.005586408
525.7000022,0.005540998
525.8000022,0.005523112
525.9000022,0.0055287
526.0000022,0.005587379
526.1000022,0.005552015
526.2000022,0.005389609
526.3000022,0.005379042
526.4000022,0.005493807
526.5000022,0.005502985
526.6000022,0.005459853
526.7000022,0.005403735
526.8000022,0.005344339
526.9000022,0.00529479
527.0000022,0.005247916
527.1000022,0.005242177
527.2000022,0.005234118
527.3000022,0.005211633
527.4000022,0.005252632
527.5000022,0.005464027
527.6000022,0.005524982
527.7000022,0.005352099
527.8000022,0.00524078
527.9000022,0.005188064
528.0000022,0.005237536
528.1000022,0.005348368
528.2000022,0.00550341
528.3000022,0.005673149
528.4000022,0.00553046
528.5000022,0.005342599
528.6000022,0.005483626
528.7000022,0.005607506
528.8000022,0.00558666
528.9000022,0.005554476
529.0000022,0.005486324
529.1000022,0.005471278
529.2000022,0.005549832
529.3000022,0.005614366
529.4000022,0.005663631
529.5000022,0.00567431
529.6000022,0.005659083
529.7000022,0.005626324
529.8000022,0.005586731
529.9000022,0.005604486
530.0000022,0.005633266
530.1000022,0.005652027
530.2000022,0.005672011
530.3000022,0.005711868
530.4000022,0.005731089
530.5000022,0.005669352
530.6000022,0.005674359
530.7000022,0.005818842
530.8000022,0.005845008
530.9000022,0.005723331
531.0000023,0.00568849
531.1000023,0.005719175
531.2000023,0.005769117
531.3000023,0.005827985
531.4000023,0.005867007
531.5000023,0.005901417
531.6000023,0.0058474
531.7000023,0.005791566
531.8000023,0.00583099
531.9000023,0.005857881
532.0000023,0.005823903
532.1000023,0.005791501
532.2000023,0.005763217
532.3000023,0.00577076
532.4000023,0.005829255
532.5000023,0.005838308
532.6000023,0.005804162
532.7000023,0.005852542
532.8000023,0.005944373
532.9000023,0.005871233
533.0000023,0.005750432
533.1000023,0.005830274
533.2000023,0.005930086
533.3000023,0.005868502
533.4000023,0.005816577
533.5000023,0.005824283
533.6000023,0.005841604
533.7000023,0.005886373
533.8000023,0.005908245
533.9000023,0.005893247
534.0000023,0.005923101
534.1000023,0.005996485
534.2000023,0.005969917
534.3000023,0.005883339
534.4000023,0.00591521
534.5000023,0.005987214
534.6000023,0.005977252
534.7000023,0.005955093
534.8000023,0.005978295
534.9000023,0.005992612
535.0000023,0.005926659
535.1000023,0.005892371
535.2000023,0.005957849
535.3000023,0.006006238
535.4000023,0.006022602
535.5000023,0.006066008
535.6000023,0.006139176
535.7000023,0.006192581
535.8000023,0.006232434
535.9000023,0.006276073
536.0000023,0.006320845
536.1000023,0.006350565
536.2000023,0.006377867
536.3000023,0.006285659
536.4000023,0.006190641
536.5000023,0.006119481
536.6000023,0.006107209
536.7000023,0.006324993
536.8000023,0.006422916
536.9000023,0.006272962
537.0000023,0.006226453
537.1000023,0.006309243
537.2000023,0.006357449
537.3000023,0.006379411
537.4000023,0.006352629
537.5000023,0.006303926
537.6000023,0.006368215
537.7000023,0.006458458
537.8000024,0.006534503
537.9000024,0.006600987
538.0000024,0.006525024
538.1000024,0.006487402
538.2000024,0.006624559
538.3000024,0.006668601
538.4000024,0.006495537
538.5000024,0.006475151
538.6000024,0.006664578
538.7000024,0.006725454
538.8000024,0.006678412
538.9000024,0.006636582
539.0000024,0.006597807
539.1000024,0.006649879
539.2000024,0.006727343
539.3000024,0.006767829
539.4000024,0.006807223
539.5000024,0.006919088
539.6000024,0.006999465
539.7000024,0.006903642
539.8000024,0.006858057
539.9000024,0.006945506
540.0000024,0.007035816
540.1000024,0.007130175
540.2000024,0.007062468
540.3000024,0.006844109
540.4000024,0.006839689
540.5000024,0.006955364
540.6000024,0.007012964
540.7000024,0.007052318
540.8000024,0.007087927
540.9000024,0.007123519
541.0000024,0.007269873
541.1000024,0.007401908
541.2000024,0.007431903
541.3000024,0.007429764
541.4000024,0.007332187
541.5000024,0.007309678
541.6000024,0.007413501
541.7000024,0.007516506
541.8000024,0.007618698
541.9000024,0.007653099
542.0000024,0.007645476
542.1000024,0.007575943
542.2000024,0.007484086
542.3000024,0.007537214
542.4000024,0.007613407
542.5000024,0.00767422
542.6000024,0.007739865
542.7000024,0.007847587
542.8000024,0.007933879
542.9000024,0.007946915
543.0000024,0.007976928
543.1000024,0.008037919
543.2000024,0.008068431
543.3000024,0.00806454
543.4000024,0.008193055
543.5000024,0.00841155
543.6000024,0.00834449
543.7000024,0.008164697
543.8000024,0.00825421
543.9000024,0.008394141
544.0000024,0.008495227
544.1000024,0.008607348
544.2000024,0.008869165
544.3000024,0.00900872
544.4000024,0.008684836
544.5000025,0.008633024
544.6000025,0.009133225
544.7000025,0.009476848
544.8000025,0.009631673
544.9000025,0.009652234
545.0000025,0.009574028
545.1000025,0.009763779
545.2000025,0.010069716
545.3000025,0.010206375
545.4000025,0.010305933
545.5000025,0.011483246
545.6000025,0.012754744
545.7000025,0.014452029
545.8000025,0.016152344
545.9000025,0.017871834
546.0000025,0.019266797
546.1000025,0.019952398
546.2000025,0.020134219
546.3000025,0.019659232
546.4000025,0.01893224
546.5000025,0.018004902
546.6000025,0.016912765
546.7000025,0.015743782
546.8000025,0.014927899
546.9000025,0.014200746
547.0000025,0.013911675
547.1000025,0.013674801
547.2000025,0.0138697
547.3000025,0.014046464
547.4000025,0.014131195
547.5000025,0.014309618
547.6000025,0.014713215
547.7000025,0.015089363
547.8000025,0.015426691
547.9000025,0.015931452
548.0000025,0.016579328
548.1000025,0.01716105
548.2000025,0.017711715
548.3000025,0.018227787
548.4000025,0.018734268
548.5000025,0.019309942
548.6000025,0.019892628
548.7000025,0.020503224
548.8000025,0.021148574
548.9000025,0.021995739
549.0000025,0.022906755
549.1000025,0.024005629
549.2000025,0.024838416
549.3000025,0.025273516
549.4000025,0.02606078
549.5000025,0.027169717
549.6000025,0.028062849
549.7000025,0.028837171
549.8000025,0.02957431
549.9000025,0.030300395
550.0000025,0.030964433
550.1000025,0.031615009
550.2000025,0.032725101
550.3000025,0.033762228
550.4000025,0.034362434
550.5000025,0.034969278
550.6000025,0.03559726
550.7000025,0.036160998
550.8000025,0.036622454
550.9000025,0.037297685
551.0000025,0.038181044
551.1000025,0.038756322
551.2000026,0.03914782
551.3000026,0.039205277
551.4000026,0.039155551
551.5000026,0.039611622
551.6000026,0.040139024
551.7000026,0.040437362
551.8000026,0.040708576
551.9000026,0.040796604
552.0000026,0.040900736
552.1000026,0.041058995
552.2000026,0.041339563
552.3000026,0.041828402
552.4000026,0.042127024
552.5000026,0.04223094
552.6000026,0.04277531
552.7000026,0.043591349
552.8000026,0.043835602
552.9000026,0.043878751
553.0000026,0.044324981
553.1000026,0.044835113
553.2000026,0.044225967
553.3000026,0.043571881
553.4000026,0.042681935
553.5000026,0.041897742
553.6000026,0.041458134
553.7000026,0.040967452
553.8000026,0.040385556
553.9000026,0.039928924
554.0000026,0.039607019
554.1000026,0.039352386
554.2000026,0.039138374
554.3000026,0.038670536
554.4000026,0.038109397
554.5000026,0.037901744
554.6000026,0.037756745
554.7000026,0.037913276
554.8000026,0.038047153
554.9000026,0.037888434
555.0000026,0.03777514
555.1000026,0.037801533
555.2000026,0.037932128
555.3000026,0.0382502
555.4000026,0.038389481
555.5000026,0.038325843
555.6000026,0.038443518
555.7000026,0.038682801
555.8000026,0.038695302
555.9000026,0.038614956
556.0000026,0.038745478
556.1000026,0.038905144
556.2000026,0.039119096
556.3000026,0.039311426
556.4000026,0.039307151
556.5000026,0.039348577
556.6000026,0.039565093
556.7000026,0.039703451
556.8000026,0.039691323
556.9000026,0.03985472
557.0000026,0.04022264
557.1000026,0.040642908
557.2000026,0.041091851
557.3000026,0.041109579
557.4000026,0.040951337
557.5000026,0.041183027
557.6000026,0.041492084
557.7000026,0.041774372
557.8000026,0.042043709
557.9000027,0.042176243
558.0000027,0.042320946
558.1000027,0.042503301
558.2000027,0.042821631
558.3000027,0.043417149
558.4000027,0.043505148
558.5000027,0.042985275
558.6000027,0.04299713
558.7000027,0.043397104
558.8000027,0.044233651
558.9000027,0.045257104
559.0000027,0.04493832
559.1000027,0.044347807
559.2000027,0.044836044
559.3000027,0.045353855
559.4000027,0.045478316
559.5000027,0.045737358
559.6000027,0.046529633
559.7000027,0.047097317
559.8000027,0.047195312
559.9000027,0.047148926
560.0000027,0.046923942
560.1000027,0.0471717
560.2000027,0.047768201
560.3000027,0.048224799
560.4000027,0.048617878
560.5000027,0.048504466
560.6000027,0.048280264
560.7000027,0.048531591
560.8000027,0.048859807
560.9000027,0.049822218
561.0000027,0.0505858
561.1000027,0.050485013
561.2000027,0.050542962
561.3000027,0.050938076
561.4000027,0.051090362
561.5000027,0.050937396
561.6000027,0.051003411
561.7000027,0.051236744
561.8000027,0.051639285
561.9000027,0.052118338
562.0000027,0.052513535
562.1000027,0.052910496
562.2000027,0.053517986
562.3000027,0.054153519
562.4000027,0.05493663
562.5000027,0.055534275
562.6000027,0.05533328
562.7000027,0.055394775
562.8000027,0.056029536
562.9000027,0.056696384
563.0000027,0.057403748
563.1000027,0.057886002
563.2000027,0.058200698
563.3000027,0.058540951
563.4000027,0.058890608
563.5000027,0.059638353
563.6000027,0.060475216
563.7000027,0.061259247
563.8000027,0.062028094
563.9000027,0.062629465
564.0000027,0.063334212
564.1000027,0.064490927
564.2000027,0.065590376
564.3000027,0.066564123
564.4000027,0.067660629
564.5000027,0.068915078
564.6000028,0.070195595
564.7000028,0.071496002
564.8000028,0.073741327
564.9000028,0.076415731
565.0000028,0.078217428
565.1000028,0.079796961
565.2000028,0.082603864
565.3000028,0.085498106
565.4000028,0.088548148
565.5000028,0.091500181
565.6000028,0.094039673
565.7000028,0.097971383
565.8000028,0.104980761
565.9000028,0.111799846
566.0000028,0.1183772
566.1000028,0.125732395
566.2000028,0.133703478
566.3000028,0.145620849
566.4000028,0.159346837
566.5000028,0.171001818
566.6000028,0.182177208
566.7000028,0.198266015
566.8000028,0.214318251
566.9000028,0.224835987
567.0000028,0.236006171
567.1000028,0.250184433
567.2000028,0.263402734
567.3000028,0.274519882
567.4000028,0.286789332
567.5000028,0.300548083
567.6000028,0.32171433
567.7000028,0.348645341
567.8000028,0.392497588
567.9000028,0.444032971
568.0000028,0.519626452
568.1000028,0.60058539
568.2000028,0.685639385
568.3000028,0.770393251
568.4000028,0.84782825
568.5000028,0.923972589
568.6000028,0.994848648
568.7000028,1.058218923
568.8000028,1.10528556
568.9000028,1.125887212
569.0000028,1.112741326
569.1000028,1.085453653
569.2000028,1.047053711
569.3000028,0.973881087
569.4000028,0.885141337
569.5000028,0.795471351
569.6000028,0.70568349
569.7000028,0.611709308
569.8000028,0.519147829
569.9000028,0.448755324
570.0000028,0.382692459
570.1000028,0.334492406
570.2000028,0.293031028
570.3000028,0.265958488
570.4000028,0.2425787
570.5000028,0.223829575
570.6000028,0.207422204
570.7000028,0.192786606
570.8000028,0.180256865
570.9000028,0.168643778
571.0000028,0.16266756
571.1000028,0.157964484
571.2000028,0.152009816
571.3000029,0.145995567
571.4000029,0.140281634
571.5000029,0.135333291
571.6000029,0.133528104
571.7000029,0.131346262
571.8000029,0.128373033
571.9000029,0.125942603
572.0000029,0.124181972
572.1000029,0.123016733
572.2000029,0.122302373
572.3000029,0.121141796
572.4000029,0.119790934
572.5000029,0.119291465
572.6000029,0.118974764
572.7000029,0.118423819
572.8000029,0.11792299
572.9000029,0.118138451
573.0000029,0.118227781
573.1000029,0.117823213
573.2000029,0.117617442
573.3000029,0.117810562
573.4000029,0.117613215
573.5000029,0.116944218
573.6000029,0.117689208
573.7000029,0.119457265
573.8000029,0.119984826
573.9000029,0.119992664
574.0000029,0.121599619
574.1000029,0.123495763
574.2000029,0.123108493
574.3000029,0.122847
574.4000029,0.125077802
574.5000029,0.126951281
574.6000029,0.127489705
574.7000029,0.127595063
574.8000029,0.126846547
574.9000029,0.127813052
575.0000029,0.130775271
575.1000029,0.132095373
575.2000029,0.132242228
575.3000029,0.133800644
575.4000029,0.135922909
575.5000029,0.138133109
575.6000029,0.140357757
575.7000029,0.140282668
575.8000029,0.140355634
575.9000029,0.142686226
576.0000029,0.144661761
576.1000029,0.145382573
576.2000029,0.146704506
576.3000029,0.149182639
576.4000029,0.151077955
576.5000029,0.152325515
576.6000029,0.153680971
576.7000029,0.155114745
576.8000029,0.156398756
576.9000029,0.157638519
577.0000029,0.159747002
577.1000029,0.162031532
577.2000029,0.165347715
577.3000029,0.168446578
577.4000029,0.169247033
577.5000029,0.170395785
577.6000029,0.172687394
577.7000029,0.175334051
577.8000029,0.178619338
577.9000029,0.181624519
578.000003,0.184321389
578.100003,0.18621187
578.200003,0.18761865
578.300003,0.191069689
578.400003,0.195248409
578.500003,0.197012136
578.600003,0.198383049
578.700003,0.202116068
578.800003,0.20571032
578.900003,0.208026943
579.000003,0.210417235
579.100003,0.213083355
579.200003,0.216723549
579.300003,0.222033755
579.400003,0.224812514
579.500003,0.225000581
579.600003,0.228158962
579.700003,0.233127355
579.800003,0.237391995
579.900003,0.241412985
580.000003,0.244223922
580.100003,0.246798673
580.200003,0.25124407
580.300003,0.25540803
580.400003,0.257772565
580.500003,0.260963468
580.600003,0.266586592
580.700003,0.27153009
580.800003,0.275375129
580.900003,0.280152124
581.000003,0.285841416
581.100003,0.291054511
581.200003,0.295987832
581.300003,0.299373379
581.400003,0.302291218
581.500003,0.309282068
581.600003,0.316745587
581.700003,0.321343312
581.800003,0.325689065
581.900003,0.328623959
582.000003,0.333052008
582.100003,0.341547655
582.200003,0.348897457
582.300003,0.354539346
582.400003,0.360729947
582.500003,0.36742539
582.600003,0.371872234
582.700003,0.375115047
582.800003,0.383300988
582.900003,0.392913236
583.000003,0.399678529
583.100003,0.406067727
583.200003,0.407672442
583.300003,0.410438648
583.400003,0.419330774
583.500003,0.42833534
583.600003,0.437614714
583.700003,0.44586782
583.800003,0.452659401
583.900003,0.45882897
584.000003,0.464467791
584.100003,0.470069017
584.200003,0.475570214
584.300003,0.481312777
584.400003,0.487123284
584.500003,0.49643889
584.600003,0.505745519
584.7000031,0.508719699
584.8000031,0.512349127
584.9000031,0.518943334
585.0000031,0.524549806
585.1000031,0.527660751
585.2000031,0.531127127
585.3000031,0.535020305
585.4000031,0.536153422
585.5000031,0.535084005
585.6000031,0.533334144
585.7000031,0.531246406
585.8000031,0.527073558
585.9000031,0.522361358
586.0000031,0.515127489
586.1000031,0.507455487
586.2000031,0.49654357
586.3000031,0.484007407
586.4000031,0.464955048
586.5000031,0.44565755
586.6000031,0.425875026
586.7000031,0.401716076
586.8000031,0.372222862
586.9000031,0.343961954
587.0000031,0.316616589
587.1000031,0.286700951
587.2000031,0.255729131
587.3000031,0.226853409
587.4000031,0.19841495
587.5000031,0.166597354
587.6000031,0.135616286
587.7000031,0.114555471
587.8000031,0.094008076
587.9000031,0.075291447
588.0000031,0.058988453
588.1000031,0.047293598
588.2000031,0.037462243
588.3000031,0.029720838
588.4000031,0.02402679
588.5000031,0.019704248
588.6000031,0.016568285
588.7000031,0.013877723
588.8000031,0.012542604
588.9000031,0.01143757
589.0000031,0.010855726
589.1000031,0.01034356
589.2000031,0.010305506
589.3000031,0.010291916
589.4000031,0.010358026
589.5000031,0.01068615
589.6000031,0.011469554
589.7000031,0.012159712
589.8000031,0.012754154
589.9000031,0.014110075
590.0000031,0.015930636
590.1000031,0.017747026
590.2000031,0.019561929
590.3000031,0.022527831
590.4000031,0.025664059
590.5000031,0.030490255
590.6000031,0.035508716
590.7000031,0.041773868
590.8000031,0.04945696
590.9000031,0.061149331
591.0000031,0.073245168
591.1000031,0.085937338
591.2000031,0.103179432
591.3000031,0.124664548
591.4000032,0.144351494
591.5000032,0.163049004
591.6000032,0.187400395
591.7000032,0.21340575
591.8000032,0.239297078
591.9000032,0.265155486
592.0000032,0.290159134
592.1000032,0.315357953
592.2000032,0.340820707
592.3000032,0.365760568
592.4000032,0.389308718
592.5000032,0.409951416
592.6000032,0.426455289
592.7000032,0.443233168
592.8000032,0.460231549
592.9000032,0.475874052
593.0000032,0.490825662
593.1000032,0.500225165
593.2000032,0.508242527
593.3000032,0.514096619
593.4000032,0.519743357
593.5000032,0.525139788
593.6000032,0.530993482
593.7000032,0.538927826
593.8000032,0.543998153
593.9000032,0.542785591
594.0000032,0.544532181
594.1000032,0.550131911
594.2000032,0.551617151
594.3000032,0.549992646
594.4000032,0.551254859
594.5000032,0.553766958
594.6000032,0.550154823
594.7000032,0.545259331
594.8000032,0.543628761
594.9000032,0.542289232
595.0000032,0.542402436
595.1000032,0.540847132
595.2000032,0.532750201
595.3000032,0.527451917
595.4000032,0.527591509
595.5000032,0.526480107
595.6000032,0.523960757
595.7000032,0.518903292
595.8000032,0.512153774
595.9000032,0.509531097
596.0000032,0.508498109
596.1000032,0.502548338
596.2000032,0.495855264
596.3000032,0.491068615
596.4000032,0.486767468
596.5000032,0.485818111
596.6000032,0.48393007
596.7000032,0.479070194
596.8000032,0.474510889
596.9000032,0.470474799
597.0000032,0.466616586
597.1000032,0.462962395
597.2000032,0.459022708
597.3000032,0.454903539
597.4000032,0.450849725
597.5000032,0.446804209
597.6000032,0.44332529
597.7000032,0.439894685
597.8000032,0.435252757
597.9000032,0.430546753
598.0000032,0.425450708
598.1000032,0.421080899
598.2000033,0.418756342
598.3000033,0.415690931
598.4000033,0.411528103
598.5000033,0.407901411
598.6000033,0.404752605
598.7000033,0.400951637
598.8000033,0.396819044
598.9000033,0.392697643
599.0000033,0.388589922
599.1000033,0.385148211
599.2000033,0.381795609
599.3000033,0.379273791
599.4000033,0.376682171
599.5000033,0.373752664
599.6000033,0.37023777
599.7000033,0.365377272
599.8000033,0.360849701
599.9000033,0.35675537
600.0000033,0.35330878
600.1000033,0.350351384
600.2000033,0.348925486
600.3000033,0.348190884
600.4000033,0.343439275
600.5000033,0.337811824
600.6000033,0.335113884
600.7000033,0.332630808
600.8000033,0.330986417
600.9000033,0.32925903
601.0000033,0.327285952
601.1000033,0.324359528
601.2000033,0.319578075
601.3000033,0.316368804
601.4000033,0.314959287
601.5000033,0.311392529
601.6000033,0.306373704
601.7000033,0.304657937
601.8000033,0.304193493
601.9000033,0.301428149
602.0000033,0.298293275
602.1000033,0.296233898
602.2000033,0.294119596
602.3000033,0.29141045
602.4000033,0.288888243
602.5000033,0.286932113
602.6000033,0.284988029
602.7000033,0.283060277
602.8000033,0.280730378
602.9000033,0.278002982
603.0000033,0.274934495
603.1000033,0.271669366
603.2000033,0.268063345
603.3000033,0.264354447
603.4000033,0.263202925
603.5000033,0.262351493
603.6000033,0.260979066
603.7000033,0.259257623
603.8000033,0.255590126
603.9000033,0.253155696
604.0000033,0.253892021
604.1000033,0.252686026
604.2000033,0.248591412
604.3000033,0.245275039
604.4000033,0.242620509
604.5000033,0.240954399
604.6000033,0.239772614
604.7000033,0.238378456
604.8000033,0.236926867
604.9000034,0.232962914
605.0000034,0.229084455
605.1000034,0.229639716
605.2000034,0.22940857
605.3000034,0.22583971
605.4000034,0.223302015
605.5000034,0.222973096
605.6000034,0.221658206
605.7000034,0.219135492
605.8000034,0.216618927
605.9000034,0.214109144
606.0000034,0.212957192
606.1000034,0.21235698
606.2000034,0.211196638
606.3000034,0.209927996
606.4000034,0.208100175
606.5000034,0.206253225
606.6000034,0.204372344
606.7000034,0.202650916
606.8000034,0.201450846
606.9000034,0.200229455
607.0000034,0.198962331
607.1000034,0.197590888
607.2000034,0.19615697
607.3000034,0.194359445
607.4000034,0.19233768
607.5000034,0.190732099
607.6000034,0.189262634
607.7000034,0.187843773
607.8000034,0.186433385
607.9000034,0.18640655
608.0000034,0.186126809
608.1000034,0.18442856
608.2000034,0.182760539
608.3000034,0.181214131
608.4000034,0.179750026
608.5000034,0.178419229
608.6000034,0.176513907
608.7000034,0.174104017
608.8000034,0.173849228
608.9000034,0.174708065
609.0000034,0.17303496
609.1000034,0.170691389
609.2000034,0.169278276
609.3000034,0.168067501
609.4000034,0.168989433
609.5000034,0.169203405
609.6000034,0.166223153
609.7000034,0.163523794
609.8000034,0.161446929
609.9000034,0.160932866
610,0.160966129
610.1,0.160160757
610.2,0.159954251
610.3,0.158660969
610.4,0.156909047
610.5,0.155399439
610.6,0.153940532
610.7,0.152592546
610.8,0.151387284
610.9,0.15141403
611,0.151204937
611.1,0.150202513
611.2,0.148793864
611.3,0.146630455
611.4,0.145948874
611.5,0.146825053
611.6,0.145637091
611.7,0.143163339
611.8,0.143137168
611.9,0.143923181
612,0.143468026
612.1,0.142810058
612.2,0.141749251
612.3,0.14057516
612.4,0.138773053
612.5,0.137552608
612.6,0.137907267
612.7,0.137454964
612.8,0.13580719
612.9,0.134585179
613,0.133738059
613.1,0.133258479
613.2,0.132971563
613.3,0.132376092
613.4000001,0.131700335
613.5000001,0.131267111
613.6000001,0.130871215
613.7000001,0.130729618
613.8000001,0.130264908
613.9000001,0.128379011
614.0000001,0.127329596
614.1000001,0.128051778
614.2000001,0.12830241
614.3000001,0.127969968
614.4000001,0.128057287
614.5000001,0.128447718
614.6000001,0.130219621
614.7000001,0.132552153
614.8000001,0.144694605
614.9000001,0.158675397
615.0000001,0.183584164
615.1000001,0.209488422
615.2000001,0.241197244
615.3000001,0.270563642
615.4000001,0.292282221
615.5000001,0.317395238
615.6000001,0.348344744
615.7000001,0.380040158
615.8000001,0.412483371
615.9000001,0.42869813
616.0000001,0.435360821
616.1000001,0.431448963
616.2000001,0.4242034
616.3000001,0.397749879
616.4000001,0.368640685
616.5000001,0.326413393
616.6000001,0.284488327
616.7000001,0.244312394
616.8000001,0.206570191
616.9000001,0.174923663
617.0000001,0.150520649
617.1000001,0.136266457
617.2000001,0.126812386
617.3000001,0.121307863
617.4000001,0.117782715
617.5000001,0.115188429
617.6000001,0.11318003
617.7000001,0.111310359
617.8000001,0.109657873
617.9000001,0.108043341
618.0000001,0.106665398
618.1000001,0.105545879
618.2000001,0.105479309
618.3000001,0.105275402
618.4000001,0.104790606
618.5000001,0.104072648
618.6000001,0.103087425
618.7000001,0.102267983
618.8000001,0.101555542
618.9000001,0.100797662
619.0000001,0.100016089
619.1000001,0.100028799
619.2000001,0.100162343
619.3000001,0.099473879
619.4000001,0.098838747
619.5000001,0.098615636
619.6000001,0.098270525
619.7000001,0.097581882
619.8000001,0.097085224
619.9000001,0.096890001
620.0000001,0.096329279
620.1000002,0.09541384
620.2000002,0.094664617
620.3000002,0.094002023
620.4000002,0.093526889
620.5000002,0.093101733
620.6000002,0.092545278
620.7000002,0.092011108
620.8000002,0.092126787
620.9000002,0.092163065
621.0000002,0.091836713
621.1000002,0.091453405
621.2000002,0.090967846
621.3000002,0.090483093
621.4000002,0.090000673
621.5000002,0.089390541
621.6000002,0.088688336
621.7000002,0.088429344
621.8000002,0.0883549
621.9000002,0.087545462
622.0000002,0.086602494
622.1000002,0.086819244
622.2000002,0.087020015
622.3000002,0.086757169
622.4000002,0.086391975
622.5000002,0.085686796
622.6000002,0.084855417
622.7000002,0.083806894
622.8000002,0.083605999
622.9000002,0.084247071
623.0000002,0.084743466
623.1000002,0.085150231
623.2000002,0.084076682
623.3000002,0.082547933
623.4000002,0.082157658
623.5000002,0.081910624
623.6000002,0.082180181
623.7000002,0.082276354
623.8000002,0.081486584
623.9000002,0.080946314
624.0000002,0.081006109
624.1000002,0.081145335
624.2000002,0.081378822
624.3000002,0.080577803
624.4000002,0.078961514
624.5000002,0.078546608
624.6000002,0.078666775
624.7000002,0.078671398
624.8000002,0.078651565
624.9000002,0.077891829
625.0000002,0.077188946
625.1000002,0.077386219
625.2000002,0.077443824
625.3000002,0.077022079
625.4000002,0.07672547
625.5000002,0.076659473
625.6000002,0.076383277
625.7000002,0.07588658
625.8000002,0.075683952
625.9000002,0.075666353
626.0000002,0.075120554
626.1000002,0.07440861
626.2000002,0.074571297
626.3000002,0.074845837
626.4000002,0.074449312
626.5000002,0.074119603
626.6000002,0.074156835
626.7000002,0.074031097
626.8000003,0.073491485
626.9000003,0.07312696
627.0000003,0.073011584
627.1000003,0.072869954
627.2000003,0.072697745
627.3000003,0.072512608
627.4000003,0.072319032
627.5000003,0.072180841
627.6000003,0.072054406
627.7000003,0.071992736
627.8000003,0.071885936
627.9000003,0.071179318
628.0000003,0.070703912
628.1000003,0.07106781
628.2000003,0.071160994
628.3000003,0.070735363
628.4000003,0.070557987
628.5000003,0.070653211
628.6000003,0.070318197
628.7000003,0.069707691
628.8000003,0.069201576
628.9000003,0.068732304
629.0000003,0.06873904
629.1000003,0.068813385
629.2000003,0.068609417
629.3000003,0.068335039
629.4000003,0.067620294
629.5000003,0.067287307
629.6000003,0.067964351
629.7000003,0.067932663
629.8000003,0.066867497
629.9000003,0.066865529
630.0000003,0.067768218
630.1000003,0.067109974
630.2000003,0.065696053
630.3000003,0.065847422
630.4000003,0.06637388
630.5000003,0.066309808
630.6000003,0.066196788
630.7000003,0.06595714
630.8000003,0.06556676
630.9000003,0.064600313
631.0000003,0.064163915
631.1000003,0.06478897
631.2000003,0.065149569
631.3000003,0.065214886
631.4000003,0.064838706
631.5000003,0.064174341
631.6000003,0.064219299
631.7000003,0.064514874
631.8000003,0.064364023
631.9000003,0.064144745
632.0000003,0.063415194
632.1000003,0.062848954
632.2000003,0.06345054
632.3000003,0.063626601
632.4000003,0.062670165
632.5000003,0.061989513
632.6000003,0.061713713
632.7000003,0.061744222
632.8000003,0.062038031
632.9000003,0.061668274
633.0000003,0.060978777
633.1000003,0.061129054
633.2000003,0.061485258
633.3000003,0.060084794
633.4000003,0.058745922
633.5000004,0.059603087
633.6000004,0.060445374
633.7000004,0.061222328
633.8000004,0.061406317
633.9000004,0.060438539
634.0000004,0.060025941
634.1000004,0.060211293
634.2000004,0.060087921
634.3000004,0.05976438
634.4000004,0.059109102
634.5000004,0.058336724
634.6000004,0.058529798
634.7000004,0.058852951
634.8000004,0.058398346
634.9000004,0.057987313
635.0000004,0.057845286
635.1000004,0.057797452
635.2000004,0.057937226
635.3000004,0.057990326
635.4000004,0.057919654
635.5000004,0.05783937
635.6000004,0.057751175
635.7000004,0.057457898
635.8000004,0.057066966
635.9000004,0.057123952
636.0000004,0.057285775
636.1000004,0.057112899
636.2000004,0.05692892
636.3000004,0.056866143
636.4000004,0.056839192
636.5000004,0.056946713
636.6000004,0.056731735
636.7000004,0.055909372
636.8000004,0.055577626
636.9000004,0.055776314
637.0000004,0.056101703
637.1000004,0.056498585
637.2000004,0.05575612
637.3000004,0.054633324
637.4000004,0.054898126
637.5000004,0.055335465
637.6000004,0.055020604
637.7000004,0.054746147
637.8000004,0.05470218
637.9000004,0.054670997
638.0000004,0.054675382
638.1000004,0.054580168
638.2000004,0.05434739
638.3000004,0.054239204
638.4000004,0.05423145
638.5000004,0.054147675
638.6000004,0.054028945
638.7000004,0.053690906
638.8000004,0.053304953
638.9000004,0.053454203
639.0000004,0.05361688
639.1000004,0.053681143
639.2000004,0.053599543
639.3000004,0.053020023
639.4000004,0.052569484
639.5000004,0.052350642
639.6000004,0.052174041
639.7000004,0.052041294
639.8000004,0.05214334
639.9000004,0.052385751
640.0000004,0.052163306
640.1000004,0.051787334
640.2000005,0.052030148
640.3000005,0.052325113
640.4000005,0.051975195
640.5000005,0.051701405
640.6000005,0.051808633
640.7000005,0.051769442
640.8000005,0.051388759
640.9000005,0.051223787
641.0000005,0.051339437
641.1000005,0.05101859
641.2000005,0.050365962
641.3000005,0.050325109
641.4000005,0.05054114
641.5000005,0.050557533
641.6000005,0.050534374
641.7000005,0.05041264
641.8000005,0.050279804
641.9000005,0.050091585
642.0000005,0.049971808
642.1000005,0.050060801
642.2000005,0.04992357
642.3000005,0.049417327
642.4000005,0.049049532
642.5000005,0.048814614
642.6000005,0.048906841
642.7000005,0.049178693
642.8000005,0.048976496
642.9000005,0.048644804
643.0000005,0.048373728
643.1000005,0.048151479
643.2000005,0.048564761
643.3000005,0.04886934
643.4000005,0.048687838
643.5000005,0.04834536
643.6000005,0.047660102
643.7000005,0.047357112
643.8000005,0.0475102
643.9000005,0.047626033
644.0000005,0.047715351
644.1000005,0.047734171
644.2000005,0.047728905
644.3000005,0.047628883
644.4000005,0.04751361
644.5000005,0.046797431
644.6000005,0.046239589
644.7000005,0.046753287
644.8000005,0.04704734
644.9000005,0.046735504
645,0.046271452
645.1,0.046418692
645.2,0.046500067
645.3,0.046524446
645.4,0.046593712
645.5,0.046684789
645.6,0.046449316
645.7,0.046135209
645.8,0.046477605
645.9,0.046799978
646,0.046392321
646.1,0.046098711
646.2,0.046208597
646.3,0.046101348
646.4,0.045587355
646.5,0.045643444
646.6,0.046311398
646.7,0.046270342
646.8,0.045791777
646.9,0.045707722
647,0.045755018
647.1,0.045570761
647.2,0.045371429
647.3,0.045559407
647.4,0.045711486
647.5,0.04566368
647.6,0.045590105
647.7,0.04545393
647.8,0.045261145
647.9,0.044993137
648,0.044975736
648.1,0.045153782
648.2,0.045089943
648.3,0.044922017
648.4000001,0.044397258
648.5000001,0.043801706
648.6000001,0.043963598
648.7000001,0.044099155
648.8000001,0.043846898
648.9000001,0.043616209
649.0000001,0.043452544
649.1000001,0.043194672
649.2000001,0.042779715
649.3000001,0.042505504
649.4000001,0.042363671
649.5000001,0.042296272
649.6000001,0.042268535
649.7000001,0.04206232
649.8000001,0.04180709
649.9000001,0.041650354
650.0000001,0.041511303
650.1000001,0.041533611
650.2000001,0.041443852
650.3000001,0.040896587
650.4000001,0.040492977
650.5000001,0.040382763
650.6000001,0.040287497
650.7000001,0.040209968
650.8000001,0.039959515
650.9000001,0.039595785
651.0000001,0.039651857
651.1000001,0.039859878
651.2000001,0.040039085
651.3000001,0.040212246
651.4000001,0.03993472
651.5000001,0.03967914
651.6000001,0.039548225
651.7000001,0.039561723
651.8000001,0.039944598
651.9000001,0.039993532
652.0000001,0.039576031
652.1000001,0.039410224
652.2000001,0.039449426
652.3000001,0.039525825
652.4000001,0.039618416
652.5000001,0.039548481
652.6000001,0.039444056
652.7000001,0.039018255
652.8000001,0.038695478
652.9000001,0.03943165
653.0000001,0.039984251
653.1000001,0.039940129
653.2000001,0.039811448
653.3000001,0.039538858
653.4000001,0.039535463
653.5000001,0.039794476
653.6000001,0.039559312
653.7000001,0.039049698
653.8000001,0.03938638
653.9000001,0.03996391
654.0000001,0.040543597
654.1000001,0.041056823
654.2000001,0.040536612
654.3000001,0.040096242
654.4000001,0.039996075
654.5000001,0.04000948
654.6000001,0.040258278
654.7000001,0.040544486
654.8000001,0.040873946
654.9000001,0.040765336
655.0000001,0.040360472
655.1000002,0.040200147
655.2000002,0.040129678
655.3000002,0.040354033
655.4000002,0.040618895
655.5000002,0.040547173
655.6000002,0.040508631
655.7000002,0.040670944
655.8000002,0.040723114
655.9000002,0.040493115
656.0000002,0.04039873
656.1000002,0.040505082
656.2000002,0.040390987
656.3000002,0.040098981
656.4000002,0.040287628
656.5000002,0.040692056
656.6000002,0.040728137
656.7000002,0.040687059
656.8000002,0.040428588
656.9000002,0.040188278
657.0000002,0.040184756
657.1000002,0.04014523
657.2000002,0.039972793
657.3000002,0.039683349
657.4000002,0.039198758
657.5000002,0.039142901
657.6000002,0.039498486
657.7000002,0.039245814
657.8000002,0.038662536
657.9000002,0.038884532
658.0000002,0.03932985
658.1000002,0.039223252
658.2000002,0.039056557
658.3000002,0.038627923
658.4000002,0.038253957
658.5000002,0.038101647
658.6000002,0.038099229
658.7000002,0.038397822
658.8000002,0.038445732
658.9000002,0.038209122
659.0000002,0.038097253
659.1000002,0.038065957
659.2000002,0.037677184
659.3000002,0.037163829
659.4000002,0.03710302
659.5000002,0.037102323
659.6000002,0.037062817
659.7000002,0.037005098
659.8000002,0.036848941
659.9000002,0.03661904
660.0000002,0.036209777
660.1000002,0.035950196
660.2000002,0.035890299
660.3000002,0.035845753
660.4000002,0.035813113
660.5000002,0.035783327
660.6000002,0.035755017
660.7000002,0.035421468
660.8000002,0.035030523
660.9000002,0.034617772
661.0000002,0.034271149
661.1000002,0.034438425
661.2000002,0.034551905
661.3000002,0.034503025
661.4000002,0.034373979
661.5000002,0.034118709
661.6000002,0.034098528
661.7000002,0.034289259
661.8000003,0.034054921
661.9000003,0.033605274
662.0000003,0.03356218
662.1000003,0.033617471
662.2000003,0.033326485
662.3000003,0.033051049
662.4000003,0.033230601
662.5000003,0.033356434
662.6000003,0.033285585
662.7000003,0.033211547
662.8000003,0.033132076
662.9000003,0.033061607
663.0000003,0.033000409
663.1000003,0.032971977
663.2000003,0.032965049
663.3000003,0.032986069
663.4000003,0.033015199
663.5000003,0.033075146
663.6000003,0.033149948
663.7000003,0.033502272
663.8000003,0.033702906
663.9000003,0.033201399
664.0000003,0.032856633
664.1000003,0.032858284
664.2000003,0.032983781
664.3000003,0.033258836
664.4000003,0.033319489
664.5000003,0.03323199
664.6000003,0.033334859
664.7000003,0.033509144
664.8000003,0.033525502
664.9000003,0.033518118
665.0000003,0.033440981
665.1000003,0.033387905
665.2000003,0.033557589
665.3000003,0.033760292
665.4000003,0.03404439
665.5000003,0.03418985
665.6000003,0.034141657
665.7000003,0.03413251
665.8000003,0.034153727
665.9000003,0.034228338
666.0000003,0.034324694
666.1000003,0.034488239
666.2000003,0.034661674
666.3000003,0.034780026
666.4000003,0.034912849
666.5000003,0.03518755
666.6000003,0.035366177
666.7000003,0.035252715
666.8000003,0.035221695
666.9000003,0.035322845
667.0000003,0.035484562
667.1000003,0.035702118
667.2000003,0.035760919
667.3000003,0.035738318
667.4000003,0.035872404
667.5000003,0.036046077
667.6000003,0.036215847
667.7000003,0.036367151
667.8000003,0.03629062
667.9000003,0.036293855
668.0000003,0.036588302
668.1000003,0.036827217
668.2000003,0.036979637
668.3000003,0.037244788
668.4000003,0.037626766
668.5000004,0.037610359
668.6000004,0.037358917
668.7000004,0.03741927
668.8000004,0.037574015
668.9000004,0.03761317
669.0000004,0.037652842
669.1000004,0.037980526
669.2000004,0.038225626
669.3000004,0.038100427
669.4000004,0.037983625
669.5000004,0.037884769
669.6000004,0.037978847
669.7000004,0.038299831
669.8000004,0.038366499
669.9000004,0.038262206
670.0000004,0.038567971
670.1000004,0.03902144
670.2000004,0.038721183
670.3000004,0.038322218
670.4000004,0.038532156
670.5000004,0.038706429
670.6000004,0.038682983
670.7000004,0.038711145
670.8000004,0.038865531
670.9000004,0.038966593
671.0000004,0.038997051
671.1000004,0.038839337
671.2000004,0.038541937
671.3000004,0.038445954
671.4000004,0.038432888
671.5000004,0.038575891
671.6000004,0.038747552
671.7000004,0.039007482
671.8000004,0.039213736
671.9000004,0.039023356
672.0000004,0.038892698
672.1000004,0.038923111
672.2000004,0.038841021
672.3000004,0.038589713
672.4000004,0.038508145
672.5000004,0.038570615
672.6000004,0.038298665
672.7000004,0.037868583
672.8000004,0.037747837
672.9000004,0.037694796
673.0000004,0.038216909
673.1000004,0.038725831
673.2000004,0.038741805
673.3000004,0.038621839
673.4000004,0.038060613
673.5000004,0.037746798
673.6000004,0.03784694
673.7000004,0.038053268
673.8000004,0.038360007
673.9000004,0.03775017
674.0000004,0.036651458
674.1000004,0.036833333
674.2000004,0.037355428
674.3000004,0.037431074
674.4000004,0.037434944
674.5000004,0.036938437
674.6000004,0.036578357
674.7000004,0.036732538
674.8000004,0.0368225
674.9000004,0.036792764
675.0000004,0.036550474
675.1000004,0.036095994
675.2000005,0.035810034
675.3000005,0.035624188
675.4000005,0.035600454
675.5000005,0.03562635
675.6000005,0.035443314
675.7000005,0.03523642
675.8000005,0.034970279
675.9000005,0.034715872
676.0000005,0.034510185
676.1000005,0.034278844
676.2000005,0.033975337
676.3000005,0.033894643
676.4000005,0.034071156
676.5000005,0.033772639
676.6000005,0.033161086
676.7000005,0.032983716
676.8000005,0.032956033
676.9000005,0.033341553
677.0000005,0.03375545
677.1000005,0.033025737
677.2000005,0.032495661
677.3000005,0.033005567
677.4000005,0.033214683
677.5000005,0.032726962
677.6000005,0.032213842
677.7000005,0.031668839
677.8000005,0.031444767
677.9000005,0.031452607
678.0000005,0.031438801
678.1000005,0.031418818
678.2000005,0.031515601
678.3000005,0.031631203
678.4000005,0.030793185
678.5000005,0.030136441
678.6000005,0.030597863
678.7000005,0.030833586
678.8000005,0.030486518
678.9000005,0.030074692
679.0000005,0.029573163
679.1000005,0.029220015
679.2000005,0.028984433
679.3000005,0.028877141
679.4000005,0.028825221
679.5000005,0.028985171
679.6000005,0.029185887
679.7000005,0.028429069
679.8000005,0.027775429
679.9000005,0.028044072
680.0000005,0.02823177
680.1000005,0.028179522
680.2000005,0.027978748
680.3000005,0.027554785
680.4000005,0.027478469
680.5000005,0.027699138
680.6000005,0.027541786
680.7000005,0.027205845
680.8000005,0.026871915
680.9000005,0.02653816
681.0000005,0.0265158
681.1000005,0.026503237
681.2000005,0.026343056
681.3000005,0.02617618
681.4000005,0.025989513
681.5000005,0.025779712
681.6000005,0.025532553
681.7000005,0.025458973
681.8000005,0.025545535
681.9000005,0.025358261
682.0000006,0.025030217
682.1000006,0.024661627
682.2000006,0.024281353
682.3000006,0.024151247
682.4000006,0.024037369
682.5000006,0.02393457
682.6000006,0.023819767
682.7000006,0.023661921
682.8000006,0.023553481
682.9000006,0.023531352
683.0000006,0.023384535
683.1000006,0.023108503
683.2000006,0.023178053
683.3000006,0.023440185
683.4000006,0.023177817
683.5000006,0.022770594
683.6000006,0.022756475
683.7000006,0.022759313
683.8000006,0.022553672
683.9000006,0.022363806
684.0000006,0.022242004
684.1000006,0.02218995
684.2000006,0.022277547
684.3000006,0.022220703
684.4000006,0.022012136
684.5000006,0.021882346
684.6000006,0.021799378
684.7000006,0.02172468
684.8000006,0.021652875
684.9000006,0.0215254
685.0000006,0.021395296
685.1000006,0.021301118
685.2000006,0.021146312
685.3000006,0.020733845
685.4000006,0.020584189
685.5000006,0.020965516
685.6000006,0.021054903
685.7000006,0.020817534
685.8000006,0.020368557
685.9000006,0.019785922
686.0000006,0.019955343
686.1000006,0.020376334
686.2000006,0.02023831
686.3000006,0.020037286
686.4000006,0.01990144
686.5000006,0.019794859
686.6000006,0.01982445
686.7000006,0.019802647
686.8000006,0.019670209
686.9000006,0.01953579
687.0000006,0.019398959
687.1000006,0.019335716
687.2000006,0.019323819
687.3000006,0.019177606
687.4000006,0.018983926
687.5000006,0.018915389
687.6000006,0.018862079
687.7000006,0.018754446
687.8000006,0.018672621
687.9000006,0.01872341
688.0000006,0.018745611
688.1000006,0.018705727
688.2000006,0.018643607
688.3000006,0.018554264
688.4000006,0.018519838
688.5000006,0.018524125
688.6000006,0.018407345
688.7000007,0.018245707
688.8000007,0.018155154
688.9000007,0.018075517
689.0000007,0.017969392
689.1000007,0.017889673
689.2000007,0.017986616
689.3000007,0.018056082
689.4000007,0.018058366
689.5000007,0.018110334
689.6000007,0.018226517
689.7000007,0.018051661
689.8000007,0.017662961
689.9000007,0.017635343
690,0.017712145
690.1,0.017705829
690.2,0.017746467
690.3,0.01773612
690.4,0.017709741
690.5,0.017586078
690.6,0.017508693
690.7,0.017548429
690.8,0.017498948
690.9,0.017329086
691,0.01729795
691.1,0.01737437
691.2,0.017366693
691.3,0.017323952
691.4,0.017375711
691.5,0.017443666
691.6,0.017307567
691.7,0.017187532
691.8,0.017181883
691.9,0.017158626
692,0.017088637
692.1,0.016990543
692.2,0.016855696
692.3,0.016827017
692.4,0.016882057
692.5,0.016876
692.6,0.016844109
692.7,0.016816823
692.8,0.016790757
692.9,0.016795444
693,0.016788417
693.1,0.01669218
693.2,0.016626534
693.3,0.016641826
693.4000001,0.016727209
693.5000001,0.016912609
693.6000001,0.01718438
693.7000001,0.01752577
693.8000001,0.01755779
693.9000001,0.017453037
694.0000001,0.017288743
694.1000001,0.017112286
694.2000001,0.017049082
694.3000001,0.016987795
694.4000001,0.016930427
694.5000001,0.016716896
694.6000001,0.016067636
694.7000001,0.015873806
694.8000001,0.01634811
694.9000001,0.016432535
695.0000001,0.016195292
695.1000001,0.016218652
695.2000001,0.016357946
695.3000001,0.016252837
695.4000001,0.016098576
695.5000001,0.016066896
695.6000001,0.016034577
695.7000001,0.015972223
695.8000001,0.015901399
695.9000001,0.015806742
696.0000001,0.015842014
696.1000001,0.016067514
696.2000001,0.016046425
696.3000001,0.015818295
696.4000001,0.015818055
696.5000001,0.015922226
696.6000001,0.015959338
696.7000001,0.015982893
696.8000001,0.015997557
696.9000001,0.015998228
697.0000001,0.015886716
697.1000001,0.015860174
697.2000001,0.016078577
697.3000001,0.016123356
697.4000001,0.015904994
697.5000001,0.015853633
697.6000001,0.015944043
697.7000001,0.016033883
697.8000001,0.016123301
697.9000001,0.015934113
698.0000001,0.015685521
698.1000001,0.015613345
698.2000001,0.015572525
698.3000001,0.015737768
698.4000001,0.015855361
698.5000001,0.015832685
698.6000001,0.015817264
698.7000001,0.015812983
698.8000001,0.015858171
698.9000001,0.015945445
699.0000001,0.015971475
699.1000001,0.015965534
699.2000001,0.015864279
699.3000001,0.015742115
699.4000001,0.015798733
699.5000001,0.015876766
699.6000001,0.016081448
699.7000001,0.016168461
699.8000001,0.015909271
699.9000001,0.01575519
700.0000001,0.015760806
700.1000002,0.015666745
700.2000002,0.015486593
700.3000002,0.015631278
700.4000002,0.015927464
700.5000002,0.015731085
700.6000002,0.015430451
700.7000002,0.015338759
700.8000002,0.01527397
700.9000002,0.015372139
701.0000002,0.015406326
701.1000002,0.015251289
701.2000002,0.015134015
701.3000002,0.015074061
701.4000002,0.015152785
701.5000002,0.015349121
701.6000002,0.015436845
701.7000002,0.015474379
701.8000002,0.015328712
701.9000002,0.015144675
702.0000002,0.015193514
702.1000002,0.015236891
702.2000002,0.01517331
702.3000002,0.015143767
702.4000002,0.015213458
702.5000002,0.015235569
702.6000002,0.015186683
702.7000002,0.015212549
702.8000002,0.01530132
702.9000002,0.015372665
703.0000002,0.015436624
703.1000002,0.01539092
703.2000002,0.01532322
703.3000002,0.015094587
703.4000002,0.014896333
703.5000002,0.01495671
703.6000002,0.015032517
703.7000002,0.015151339
703.8000002,0.015220437
703.9000002,0.015216096
704.0000002,0.015141555
704.1000002,0.015011011
704.2000002,0.015063683
704.3000002,0.015198258
704.4000002,0.015023366
704.5000002,0.014787285
704.6000002,0.01508328
704.7000002,0.015334711
704.8000002,0.015181004
704.9000002,0.015053621
705.0000002,0.014998749
705.1000002,0.014952904
705.2000002,0.014925738
705.3000002,0.014930071
705.4000002,0.014959785
705.5000002,0.014862189
705.6000002,0.014709121
705.7000002,0.014688362
705.8000002,0.01469233
705.9000002,0.014855546
706.0000002,0.014997701
706.1000002,0.014985562
706.2000002,0.014994896
706.3000002,0.015062519
706.4000002,0.014928519
706.5000002,0.014512026
706.6000002,0.014526436
706.7000002,0.014879304
706.8000003,0.014946069
706.9000003,0.014892893
707.0000003,0.01496968
707.1000003,0.015072186
707.2000003,0.014787411
707.3000003,0.014538932
707.4000003,0.014540314
707.5000003,0.014567448
707.6000003,0.014660513
707.7000003,0.014724377
707.8000003,0.014748502
707.9000003,0.014777229
708.0000003,0.01480941
708.1000003,0.015066424
708.2000003,0.015414897
708.3000003,0.015097256
708.4000003,0.014668463
708.5000003,0.014668219
708.6000003,0.014694088
708.7000003,0.014874146
708.8000003,0.014886521
708.9000003,0.014487529
709.0000003,0.014345909
709.1000003,0.014538971
709.2000003,0.014632328
709.3000003,0.014652898
709.4000003,0.014591644
709.5000003,0.014498855
709.6000003,0.014375549
709.7000003,0.014252955
709.8000003,0.014587846
709.9000003,0.014820792
710.0000003,0.014498463
710.1000003,0.014279538
710.2000003,0.014300872
710.3000003,0.014451035
710.4000003,0.014762087
710.5000003,0.014823462
710.6000003,0.014710663
710.7000003,0.014556086
710.8000003,0.014386273
710.9000003,0.014477132
711.0000003,0.014599265
711.1000003,0.014510728
711.2000003,0.01444667
711.3000003,0.014503045
711.4000003,0.014523796
711.5000003,0.014465588
711.6000003,0.014441219
711.7000003,0.014457053
711.8000003,0.014430325
711.9000003,0.014375157
712.0000003,0.014287593
712.1000003,0.014189312
712.2000003,0.014388203
712.3000003,0.014613065
712.4000003,0.014558779
712.5000003,0.014469484
712.6000003,0.014222622
712.7000003,0.014058534
712.8000003,0.014066641
712.9000003,0.014141647
713.0000003,0.014292047
713.1000003,0.014348144
713.2000003,0.014345771
713.3000003,0.014283631
713.4000003,0.014202442
713.5000004,0.01404351
713.6000004,0.013887855
713.7000004,0.01394597
713.8000004,0.014016014
713.9000004,0.01413319
714.0000004,0.014280688
714.1000004,0.01448522
714.2000004,0.014473606
714.3000004,0.014232127
714.4000004,0.014208772
714.5000004,0.014313461
714.6000004,0.014259236
714.7000004,0.014158691
714.8000004,0.014467933
714.9000004,0.014765957
715.0000004,0.014410437
715.1000004,0.014197599
715.2000004,0.014511358
715.3000004,0.014525808
715.4000004,0.013999539
715.5000004,0.013775601
715.6000004,0.013852535
715.7000004,0.013836588
715.8000004,0.013770015
715.9000004,0.01381266
716.0000004,0.013884342
716.1000004,0.01400109
716.2000004,0.014106694
716.3000004,0.014053709
716.4000004,0.013927957
716.5000004,0.013556432
716.6000004,0.013417194
716.7000004,0.013667495
716.8000004,0.013823711
716.9000004,0.013892798
717.0000004,0.014038526
717.1000004,0.014222872
717.2000004,0.014302444
717.3000004,0.0143578
717.4000004,0.014189588
717.5000004,0.014018226
717.6000004,0.013911191
717.7000004,0.013836505
717.8000004,0.013860936
717.9000004,0.013876788
718.0000004,0.013879431
718.1000004,0.013777346
718.2000004,0.013585799
718.3000004,0.013598178
718.4000004,0.013704705
718.5000004,0.013818957
718.6000004,0.013934695
718.7000004,0.013932373
718.8000004,0.013920281
718.9000004,0.013860634
719.0000004,0.013782582
719.1000004,0.013658479
719.2000004,0.013605056
719.3000004,0.0136525
719.4000004,0.013591955
719.5000004,0.013446039
719.6000004,0.013420766
719.7000004,0.013446
719.8000004,0.013656168
719.9000004,0.013899006
720.0000004,0.013721571
720.1000004,0.01358348
720.2000005,0.0137259
720.3000005,0.013793888
720.4000005,0.013679069
720.5000005,0.013661065
720.6000005,0.013769083
720.7000005,0.013784902
720.8000005,0.013734395
720.9000005,0.013594783
721.0000005,0.01342213
721.1000005,0.013393779
721.2000005,0.013390076
721.3000005,0.013553799
721.4000005,0.013697692
721.5000005,0.013738872
721.6000005,0.013741667
721.7000005,0.013659236
721.8000005,0.013514864
721.9000005,0.013296955
722.0000005,0.01326934
722.1000005,0.013372643
722.2000005,0.013417877
722.3000005,0.013443645
722.4000005,0.013603419
722.5000005,0.013769333
722.6000005,0.013724533
722.7000005,0.013623727
722.8000005,0.01328311
722.9000005,0.013182983
723.0000005,0.013559643
723.1000005,0.013688263
723.2000005,0.013556678
723.3000005,0.013425019
723.4000005,0.013293289
723.5000005,0.013366507
723.6000005,0.01349932
723.7000005,0.013559515
723.8000005,0.013598756
723.9000005,0.0134362
724.0000005,0.013341896
724.1000005,0.013499764
724.2000005,0.013516934
724.3000005,0.013285018
724.4000005,0.013309204
724.5000005,0.013581715
724.6000005,0.013495574
724.7000005,0.013219853
724.8000005,0.013165543
724.9000005,0.013165921
725.0000005,0.013189545
725.1000005,0.013218815
725.2000005,0.013275372
725.3000005,0.013347289
725.4000005,0.013467943
725.5000005,0.013542605
725.6000005,0.013544857
725.7000005,0.013532391
725.8000005,0.013507201
725.9000005,0.013510025
726.0000005,0.013526075
726.1000005,0.013180099
726.2000005,0.012759921
726.3000005,0.013107045
726.4000005,0.013428224
726.5000005,0.013427828
726.6000005,0.013374427
726.7000005,0.013177554
726.8000005,0.013060282
726.9000005,0.01305448
727.0000006,0.013102876
727.1000006,0.013193392
727.2000006,0.013216977
727.3000006,0.013213323
727.4000006,0.013076393
727.5000006,0.012919086
727.6000006,0.013088995
727.7000006,0.013210156
727.8000006,0.01305903
727.9000006,0.013005908
728.0000006,0.01318202
728.1000006,0.013264538
728.2000006,0.013231408
728.3000006,0.013199741
728.4000006,0.013169033
728.5000006,0.013151039
728.6000006,0.013137377
728.7000006,0.013053935
728.8000006,0.012966763
728.9000006,0.013024346
729.0000006,0.013088597
729.1000006,0.013186918
729.2000006,0.01322473
729.3000006,0.013140241
729.4000006,0.013178708
729.5000006,0.013351653
729.6000006,0.013363245
729.7000006,0.013278053
729.8000006,0.013407471
729.9000006,0.013599975
730.0000006,0.01327235
730.1000006,0.012935569
730.2000006,0.013101437
730.3000006,0.013207106
730.4000006,0.013094809
730.5000006,0.013087768
730.6000006,0.013265699
730.7000006,0.013262084
730.8000006,0.013084654
730.9000006,0.013152038
731.0000006,0.013347216
731.1000006,0.013103646
731.2000006,0.012755048
731.3000006,0.012866053
731.4000006,0.012986379
731.5000006,0.01298627
731.6000006,0.012925888
731.7000006,0.012683186
731.8000006,0.012600463
731.9000006,0.012761183
732.0000006,0.012855683
732.1000006,0.012896029
732.2000006,0.012917987
732.3000006,0.012931723
732.4000006,0.012904083
732.5000006,0.01286843
732.6000006,0.013081728
732.7000006,0.013220959
732.8000006,0.012871863
732.9000006,0.012693274
733.0000006,0.01294526
733.1000006,0.013128721
733.2000006,0.013223578
733.3000006,0.013208373
733.4000006,0.013113466
733.5000006,0.013023248
733.6000006,0.012934706
733.7000007,0.012929971
733.8000007,0.012943905
733.9000007,0.013227989
734.0000007,0.01340158
734.1000007,0.01304437
734.2000007,0.012784041
734.3000007,0.01272998
734.4000007,0.012823852
734.5000007,0.013085575
734.6000007,0.013072103
734.7000007,0.012888077
734.8000007,0.012990507
734.9000007,0.013181592
735.0000007,0.013186256
735.1000007,0.013177732
735.2000007,0.013214642
735.3000007,0.013220215
735.4000007,0.013103825
735.5000007,0.013098631
735.6000007,0.013292114
735.7000007,0.01336543
735.8000007,0.013321106
735.9000007,0.013239643
736.0000007,0.013137372
736.1000007,0.013163739
736.2000007,0.013220595
736.3000007,0.012900737
736.4000007,0.012646562
736.5000007,0.013152867
736.6000007,0.013463673
736.7000007,0.013187236
736.8000007,0.013143047
736.9000007,0.013450304
737.0000007,0.013460592
737.1000007,0.013224481
737.2000007,0.013099102
737.3000007,0.013022274
737.4000007,0.013296156
737.5000007,0.013635296
737.6000007,0.013427711
737.7000007,0.013260072
737.8000007,0.013357764
737.9000007,0.013396987
738.0000007,0.013291853
738.1000007,0.013275187
738.2000007,0.013370982
738.3000007,0.01322245
738.4000007,0.012901915
738.5000007,0.012871807
738.6000007,0.012945734
738.7000007,0.013258599
738.8000007,0.013588695
738.9000007,0.0135339
739.0000007,0.013444835
739.1000007,0.013207248
739.2000007,0.013087855
739.3000007,0.01320791
739.4000007,0.013357443
739.5000007,0.013539037
739.6000007,0.013386961
739.7000007,0.013038914
739.8000007,0.012976078
739.9000007,0.01299446
740.0000007,0.012858989
740.1000007,0.012740811
740.2000007,0.012971757
740.3000007,0.013157531
740.4000008,0.013188113
740.5000008,0.013201889
740.6000008,0.013187602
740.7000008,0.013265633
740.8000008,0.013427401
740.9000008,0.013223998
741.0000008,0.012843629
741.1000008,0.012817381
741.2000008,0.012866576
741.3000008,0.013004145
741.4000008,0.013106703
741.5000008,0.012936034
741.6000008,0.012795768
741.7000008,0.012737905
741.8000008,0.012796239
741.9000008,0.013015116
742.0000008,0.013066224
742.1000008,0.012987124
742.2000008,0.013139497
742.3000008,0.013382333
742.4000008,0.013197251
742.5000008,0.012952162
742.6000008,0.012979189
742.7000008,0.013008528
742.8000008,0.013049333
742.9000008,0.013073963
743.0000008,0.013063609
743.1000008,0.013001494
743.2000008,0.012886143
743.3000008,0.012858071
743.4000008,0.012884395
743.5000008,0.012953184
743.6000008,0.013035111
743.7000008,0.012946521
743.8000008,0.012849402
743.9000008,0.01285171
744.0000008,0.012841808
744.1000008,0.012792048
744.2000008,0.0127767
744.3000008,0.012820815
744.4000008,0.012922082
744.5000008,0.013077299
744.6000008,0.013125318
744.7000008,0.013118915
744.8000008,0.013022883
744.9000008,0.012905829
745.0000008,0.012864921
745.1000008,0.012832289
745.2000008,0.012845122
745.3000008,0.012923254
745.4000008,0.013184411
745.5000008,0.013305438
745.6000008,0.01322754
745.7000008,0.013060135
745.8000008,0.012823295
745.9000008,0.012973445
746.0000008,0.013279344
746.1000008,0.013192176
746.2000008,0.013046678
746.3000008,0.013210163
746.4000008,0.013309732
746.5000008,0.013081913
746.6000008,0.012840735
746.7000008,0.012570835
746.8000008,0.01269245
746.9000008,0.013267153
747.0000008,0.013438241
747.1000009,0.013354415
747.2000009,0.013358094
747.3000009,0.013388674
747.4000009,0.013408381
747.5000009,0.013436124
747.6000009,0.013594401
747.7000009,0.013611153
747.8000009,0.01311084
747.9000009,0.01288758
748.0000009,0.013146118
748.1000009,0.013293552
748.2000009,0.013340526
748.3000009,0.013190679
748.4000009,0.012942123
748.5000009,0.013249061
748.6000009,0.013681013
748.7000009,0.013102444
748.8000009,0.012612678
748.9000009,0.013050527
749.0000009,0.013405257
749.1000009,0.01353585
749.2000009,0.013705585
749.3000009,0.013929901
749.4000009,0.013939417
749.5000009,0.013786198
749.6000009,0.013583473
749.7000009,0.013361441
749.8000009,0.013691761
749.9000009,0.014096449
750.0000009,0.014101653
750.1000009,0.014089363
750.2000009,0.013979209
750.3000009,0.014085137
750.4000009,0.014645569
750.5000009,0.014773073
750.6000009,0.014417221
750.7000009,0.014596683
750.8000009,0.015099677
750.9000009,0.015575865
751.0000009,0.016044696
751.1000009,0.016168552
751.2000009,0.016282536
751.3000009,0.016607444
751.4000009,0.016924331
751.5000009,0.017212382
751.6000009,0.017346539
751.7000009,0.017226979
751.8000009,0.017081534
751.9000009,0.01691285
752.0000009,0.016764109
752.1000009,0.016619552
752.2000009,0.016168331
752.3000009,0.015654112
752.4000009,0.015416067
752.5000009,0.015149432
752.6000009,0.014666786
752.7000009,0.014338996
752.8000009,0.014401672
752.9000009,0.014333665
753.0000009,0.014096165
753.1000009,0.014096661
753.2000009,0.014262667
753.3000009,0.014179199
753.4000009,0.014006926
753.5000009,0.013806176
753.6000009,0.013615944
753.7000009,0.013762667
753.800001,0.013859833
753.900001,0.013746264
754.000001,0.013627735
754.100001,0.013499411
754.200001,0.013316964
754.300001,0.013078967
754.400001,0.013164461
754.500001,0.013428111
754.600001,0.013350668
754.700001,0.01318615
754.800001,0.013315059
754.900001,0.013446106
755.000001,0.013449498
755.100001,0.013447736
755.200001,0.013425024
755.300001,0.013403599
755.400001,0.013383726
755.500001,0.013210909
755.600001,0.012914489
755.700001,0.013044022
755.800001,0.013351322
755.900001,0.013100636
756.000001,0.01275971
756.100001,0.012831577
756.200001,0.012889054
756.300001,0.012875242
756.400001,0.012988705
756.500001,0.013383138
756.600001,0.013369104
756.700001,0.012883465
756.800001,0.013077821
756.900001,0.01369694
757.000001,0.013411203
757.100001,0.01285291
757.200001,0.012807999
757.300001,0.012826553
757.400001,0.013087494
757.500001,0.013219324
757.600001,0.012900034
757.700001,0.012741958
757.800001,0.012852706
757.900001,0.013003518
758.000001,0.013190887
758.100001,0.013132794
758.200001,0.012958116
758.300001,0.013218823
758.400001,0.013570134
758.500001,0.013410717
758.600001,0.013253828
758.700001,0.013168212
758.800001,0.013090854
758.900001,0.013033776
759.000001,0.013029916
759.100001,0.01309141
759.200001,0.013071171
759.300001,0.012994058
759.400001,0.013029587
759.500001,0.013104004
759.600001,0.012996583
759.700001,0.012871805
759.800001,0.012858171
759.900001,0.012844743
760.000001,0.012840626
760.100001,0.012845717
760.200001,0.012869571
760.300001,0.01291578
760.400001,0.012984346
760.5000011,0.012807553
760.6000011,0.012502374
760.7000011,0.012690813
760.8000011,0.012995241
760.9000011,0.012817971
761.0000011,0.012619282
761.1000011,0.012397815
761.2000011,0.012325775
761.3000011,0.012666681
761.4000011,0.012898553
761.5000011,0.012980066
761.6000011,0.012992371
761.7000011,0.012953285
761.8000011,0.012828926
761.9000011,0.01267298
762.0000011,0.013009422
762.1000011,0.013393771
762.2000011,0.013025177
762.3000011,0.012801378
762.4000011,0.013224418
762.5000011,0.013379088
762.6000011,0.012999
762.7000011,0.012832951
762.8000011,0.012891874
762.9000011,0.012911233
763.0000011,0.012907749
763.1000011,0.012876338
763.2000011,0.012837309
763.3000011,0.01290134
763.4000011,0.012977552
763.5000011,0.01311231
763.6000011,0.013153218
763.7000011,0.012915521
763.8000011,0.012838011
763.9000011,0.012996771
764.0000011,0.01299132
764.1000011,0.012848968
764.2000011,0.012673251
764.3000011,0.012483538
764.4000011,0.012626531
764.5000011,0.01282034
764.6000011,0.012943265
764.7000011,0.013019588
764.8000011,0.01286864
764.9000011,0.012808411
765.0000011,0.012937989
765.1000011,0.013276782
765.2000011,0.013840168
765.3000011,0.014103199
765.4000011,0.014189154
765.5000011,0.014995181
765.6000011,0.016002418
765.7000011,0.020139845
765.8000011,0.025321847
765.9000011,0.039010316
766.0000011,0.05515369
766.1000011,0.078927198
766.2000011,0.102153585
766.3000011,0.124547309
766.4000011,0.140780764
766.5000011,0.151941511
766.6000011,0.152749419
766.7000011,0.149154542
766.8000011,0.134036138
766.9000011,0.116912489
767.0000011,0.094267227
767.1000011,0.072029484
767.2000012,0.051843958
767.3000012,0.035543843
767.4000012,0.027682405
767.5000012,0.022296956
767.6000012,0.019716568
767.7000012,0.018193653
767.8000012,0.017312482
767.9000012,0.016545743
768.0000012,0.01581236
768.1000012,0.015388122
768.2000012,0.015017972
768.3000012,0.014992887
768.4000012,0.014919184
768.5000012,0.014688242
768.6000012,0.014555322
768.7000012,0.014575635
768.8000012,0.014774146
768.9000012,0.015122263
769.0000012,0.016098965
769.1000012,0.017347184
769.2000012,0.02346196
769.3000012,0.030474042
769.4000012,0.045107
769.5000012,0.060393228
769.6000012,0.079051371
769.7000012,0.095453703
769.8000012,0.10687605
769.9000012,0.113902067
770.0000012,0.115901103
770.1000012,0.111577504
770.2000012,0.103383119
770.3000012,0.089421605
770.4000012,0.073776576
770.5000012,0.056793776
770.6000012,0.040300123
770.7000012,0.030429585
770.8000012,0.022081547
770.9000012,0.018648064
771.0000012,0.016282102
771.1000012,0.015575964
771.2000012,0.015261552
771.3000012,0.01527416
771.4000012,0.014980189
771.5000012,0.014554308
771.6000012,0.014254403
771.7000012,0.01397776
771.8000012,0.013915361
771.9000012,0.01382587
772.0000012,0.013596087
772.1000012,0.013492909
772.2000012,0.013665107
772.3000012,0.013531116
772.4000012,0.01305202
772.5000012,0.013000488
772.6000012,0.013206032
772.7000012,0.01309375
772.8000012,0.012891137
772.9000012,0.012927985
773.0000012,0.012963671
773.1000012,0.012816282
773.2000012,0.012734941
773.3000012,0.012860783
773.4000012,0.012893028
773.5000012,0.012782618
773.6000012,0.012679512
773.7000012,0.012582289
773.8000012,0.012616829
773.9000013,0.012706308
774.0000013,0.012922006
774.1000013,0.013151056
774.2000013,0.012899819
774.3000013,0.012696049
774.4000013,0.012727226
774.5000013,0.01279408
774.6000013,0.012935537
774.7000013,0.012937454
774.8000013,0.012787326
774.9000013,0.012475795
775.0000013,0.012070747
775.1000013,0.012255798
775.2000013,0.012600429
775.3000013,0.012577874
775.4000013,0.012553036
775.5000013,0.012711049
775.6000013,0.01277678
775.7000013,0.01256905
775.8000013,0.012493558
775.9000013,0.012610523
776.0000013,0.012623311
776.1000013,0.012555177
776.2000013,0.012627391
776.3000013,0.012755028
776.4000013,0.012896598
776.5000013,0.013027751
776.6000013,0.012713099
776.7000013,0.012459282
776.8000013,0.012479754
776.9000013,0.012456583
777.0000013,0.012347802
777.1000013,0.012287793
777.2000013,0.012277166
777.3000013,0.012836367
777.4000013,0.013706108
777.5000013,0.013292292
777.6000013,0.012562554
777.7000013,0.012811923
777.8000013,0.01306984
777.9000013,0.013054923
778.0000013,0.013021
778.1000013,0.012933672
778.2000013,0.012778634
778.3000013,0.012531295
778.4000013,0.012603363
778.5000013,0.01290808
778.6000013,0.01280956
778.7000013,0.012564882
778.8000013,0.012570694
778.9000013,0.012628792
779.0000013,0.013136047
779.1000013,0.013519504
779.2000013,0.013388769
779.3000013,0.013494923
779.4000013,0.014030705
779.5000013,0.014640655
779.6000013,0.015321687
779.7000013,0.015974907
779.8000013,0.016614697
779.9000013,0.017155271
